[
  {
    "id":"16843762609600560"
   ,"Identification":{
      "Name":"Administrator"
    }
   ,"Advanced":{
      "Static ID":"ADMINISTRATOR"
    }
   ,"Description":{
      "Description":"Role assigned to application administrators."
    }
  }
 ,{
    "id":"16844000457600560"
   ,"Identification":{
      "Name":"Contributor"
    }
   ,"Advanced":{
      "Static ID":"CONTRIBUTOR"
    }
   ,"Description":{
      "Description":"Role assigned to application contributors."
    }
  }
 ,{
    "id":"16844029200600560"
   ,"Identification":{
      "Name":"Reader"
    }
   ,"Advanced":{
      "Static ID":"READER"
    }
   ,"Description":{
      "Description":"Role assigned to application readers."
    }
  }
]
