[
  {
    "id":"16555259918600334"
   ,"Identification":{
      "Name":"Breadcrumb"
    }
   ,"Entries":[
      {
        "id":"8619206779674290"
       ,"Identification":{
          "Name":"Hello, Lisa"
         ,"Page Number":"4"
        }
       ,"Execution":{
          "Sequence":10
        }
       ,"Link":{
          "Target":{
            "url":"f?p=\u0026APP_ID.:4:\u0026SESSION.::\u0026DEBUG.:::"
           ,"Page":"4"
          }
        }
      }
     ,{
        "id":"8619566495676906"
       ,"Identification":{
          "Name":"Hello, James"
         ,"Page Number":"3"
        }
       ,"Execution":{
          "Sequence":10
        }
       ,"Link":{
          "Target":{
            "url":"f?p=\u0026APP_ID.:3:\u0026SESSION.::\u0026DEBUG.:::"
           ,"Page":"3"
          }
        }
      }
     ,{
        "id":"8623892441710787"
       ,"Identification":{
          "Name":"Halloween Movie --\u003E Recommended Users"
         ,"Page Number":"5"
        }
       ,"Execution":{
          "Sequence":10
        }
       ,"Link":{
          "Target":{
            "url":"f?p=\u0026APP_ID.:5:\u0026SESSION.::\u0026DEBUG.:::"
           ,"Page":"5"
          }
        }
      }
     ,{
        "id":"8627496158721294"
       ,"Identification":{
          "Name":"Top Trending Movie  --\u003E Recommended Users"
         ,"Page Number":"6"
        }
       ,"Execution":{
          "Sequence":10
        }
       ,"Link":{
          "Target":{
            "url":"f?p=\u0026APP_ID.:6:\u0026SESSION.::\u0026DEBUG.:::"
           ,"Page":"6"
          }
        }
      }
     ,{
        "id":"8639498487745228"
       ,"Identification":{
          "Name":"Analytics Dashboard"
         ,"Page Number":"7"
        }
       ,"Execution":{
          "Sequence":10
        }
       ,"Link":{
          "Target":{
            "url":"f?p=\u0026APP_ID.:7:\u0026SESSION.::\u0026DEBUG.:::"
           ,"Page":"7"
          }
        }
      }
     ,{
        "id":"16555459044600335"
       ,"Identification":{
          "Name":"Home"
         ,"Page Number":"1"
        }
       ,"Execution":{
          "Sequence":10
        }
       ,"Link":{
          "Target":{
            "url":"f?p=\u0026APP_ID.:1:\u0026APP_SESSION.::\u0026DEBUG.:::"
           ,"Page":"1"
          }
        }
      }
     ,{
        "id":"16905307963600712"
       ,"Identification":{
          "Name":"Admin Config"
         ,"Page Number":"10000"
        }
       ,"Execution":{
          "Sequence":10
        }
       ,"Appearance":{
          "Long Name":"Administration Configuration"
        }
       ,"Link":{
          "Target":{
            "url":"f?p=\u0026APP_ID.:10000:\u0026SESSION.::\u0026DEBUG.:::"
           ,"Page":"10000"
          }
        }
      }
     ,{
        "id":"21975776770271164"
       ,"Identification":{
          "Name":"Admin Views"
         ,"Page Number":"10005"
        }
       ,"Execution":{
          "Sequence":10
        }
       ,"Appearance":{
          "Long Name":"Administration Views"
        }
       ,"Link":{
          "Target":{
            "url":"f?p=\u0026APP_ID.:10005:\u0026SESSION.::\u0026DEBUG.:::"
           ,"Page":"10005"
          }
        }
      }
     ,{
        "id":"22499302822183855"
       ,"Identification":{
          "Name":"My Profiles"
         ,"Page Number":"2"
        }
       ,"Execution":{
          "Sequence":10
        }
       ,"Link":{
          "Target":{
            "url":"f?p=\u0026APP_ID.:2:\u0026SESSION.::\u0026DEBUG.:::"
           ,"Page":"2"
          }
        }
       ,"Security":{
          "Authorization Scheme":"{Not Administration Rights} (16844170522600560)"
        }
      }
    ]
  }
]
