[
  {
    "id":"16554646660600332"
   ,"Identification":{
      "Name":"Commented Out"
    }
   ,"Status":{
      "Status":"Exclude"
     ,"Default on Export":"Same as Current Status"
     ,"On Upgrade Keep Status":false
    }
  }
 ,{
    "id":"16842078010600558"
   ,"Identification":{
      "Name":"Feature: Access Control"
    }
   ,"Status":{
      "Status":"Include"
     ,"Default on Export":"Same as Current Status"
     ,"On Upgrade Keep Status":false
    }
   ,"Comments":{
      "Comments":"Incorporate role based user authentication within your application and manage username mappings to application roles."
    }
  }
 ,{
    "id":"16842516441600558"
   ,"Identification":{
      "Name":"Feature: Configuration Options"
    }
   ,"Status":{
      "Status":"Include"
     ,"Default on Export":"Same as Current Status"
     ,"On Upgrade Keep Status":false
    }
   ,"Comments":{
      "Comments":"Allow application administrators to enable or disable specific functionality, associated with an Oracle APEX build option, from within the application."
    }
  }
 ,{
    "id":"16842882018600558"
   ,"Identification":{
      "Name":"Feature: Theme Style Selection"
    }
   ,"Status":{
      "Status":"Include"
     ,"Default on Export":"Same as Current Status"
     ,"On Upgrade Keep Status":false
    }
   ,"Comments":{
      "Comments":"Allow administrators to select a default color scheme (theme style) for the application. Administrators can also choose to allow end users to choose their own theme style. "
    }
  }
 ,{
    "id":"22514504868689040"
   ,"Identification":{
      "Name":"Login user"
    }
   ,"Status":{
      "Status":"Include"
     ,"Default on Export":"Same as Current Status"
     ,"On Upgrade Keep Status":false
    }
  }
]
