[
  {
    "id":"16555744296600337"
   ,"Identification":{
      "Name":"Menu"
    }
   ,"Source":{
      "Type":"Static Values"
    }
   ,"Entries":[
      {
        "id":"8643717422790385"
       ,"Label":{
          "Label":"Holiday Movie"
        }
       ,"Icon":{
          "Image\/Icon CSS Classes":"fa-film"
        }
       ,"Layout":{
          "Sequence":30
         ,"Parent Entry":"Admin Views (21970029508271137)"
        }
       ,"Is Current":{
          "Type":"Target Page"
        }
       ,"Link":{
          "Target":{
            "url":"f?p=\u0026APP_ID.:5:\u0026SESSION.::\u0026DEBUG.::::"
           ,"Page":"5"
          }
        }
       ,"Click Counting":{
          "Count Clicks":false
        }
       ,"User Defined Attributes":{
          "Translatable":false
        }
      }
     ,{
        "id":"8643963701793597"
       ,"Label":{
          "Label":"Analytics Dashboard"
        }
       ,"Icon":{
          "Image\/Icon CSS Classes":"fa-dashboard"
        }
       ,"Layout":{
          "Sequence":50
         ,"Parent Entry":"Admin Views (21970029508271137)"
        }
       ,"Is Current":{
          "Type":"Target Page"
        }
       ,"Link":{
          "Target":{
            "url":"f?p=\u0026APP_ID.:7:\u0026SESSION.::\u0026DEBUG.::::"
           ,"Page":"7"
          }
        }
       ,"Click Counting":{
          "Count Clicks":false
        }
       ,"User Defined Attributes":{
          "Translatable":false
        }
      }
     ,{
        "id":"8647889245027357"
       ,"Label":{
          "Label":"My Profiles"
        }
       ,"Layout":{
          "Sequence":10010
         ,"Parent Entry":"Home (16852192942600586)"
        }
       ,"Is Current":{
          "Type":"Target Page"
        }
       ,"Link":{
          "Target":{
            "url":"f?p=\u0026APP_ID.:2:\u0026SESSION.::\u0026DEBUG.::::"
           ,"Page":"2"
          }
        }
       ,"Click Counting":{
          "Count Clicks":false
        }
       ,"User Defined Attributes":{
          "Translatable":false
        }
       ,"Security":{
          "Authorization Scheme":"{Not Administration Rights} (16844170522600560)"
        }
      }
     ,{
        "id":"16852192942600586"
       ,"Label":{
          "Label":"Home"
        }
       ,"Icon":{
          "Image\/Icon CSS Classes":"fa-home"
        }
       ,"Layout":{
          "Sequence":10
        }
       ,"Is Current":{
          "Type":"Target Page"
        }
       ,"Link":{
          "Target":{
            "url":"f?p=\u0026APP_ID.:1:\u0026APP_SESSION.::\u0026DEBUG.:::"
           ,"Page":"1"
          }
        }
       ,"Click Counting":{
          "Count Clicks":false
        }
       ,"User Defined Attributes":{
          "Translatable":false
        }
      }
     ,{
        "id":"16904339821600710"
       ,"Label":{
          "Label":"Admin Config"
        }
       ,"Icon":{
          "Image\/Icon CSS Classes":"fa-user-wrench"
        }
       ,"Layout":{
          "Sequence":10000
        }
       ,"Is Current":{
          "Type":"Target Page"
        }
       ,"Link":{
          "Target":{
            "url":"f?p=\u0026APP_ID.:10000:\u0026APP_SESSION.::\u0026DEBUG.:::"
           ,"Page":"10000"
          }
        }
       ,"Click Counting":{
          "Count Clicks":false
        }
       ,"User Defined Attributes":{
          "Translatable":false
        }
       ,"Security":{
          "Authorization Scheme":"Administration Rights (16844170522600560)"
        }
      }
     ,{
        "id":"21180577849696450"
       ,"Label":{
          "Label":"Top Trending Movie"
        }
       ,"Icon":{
          "Image\/Icon CSS Classes":"fa-film"
        }
       ,"Layout":{
          "Sequence":40
         ,"Parent Entry":"Admin Views (21970029508271137)"
        }
       ,"Is Current":{
          "Type":"Target Page"
        }
       ,"Link":{
          "Target":{
            "url":"f?p=\u0026APP_ID.:6:\u0026SESSION.::\u0026DEBUG.::::"
           ,"Page":"6"
          }
        }
       ,"Click Counting":{
          "Count Clicks":false
        }
       ,"User Defined Attributes":{
          "Translatable":false
        }
      }
     ,{
        "id":"21970029508271137"
       ,"Label":{
          "Label":"Admin Views"
        }
       ,"Icon":{
          "Image\/Icon CSS Classes":"fa-user-wrench"
        }
       ,"Layout":{
          "Sequence":120
        }
       ,"Is Current":{
          "Type":"Pages"
         ,"Pages":[
            "10005"
          ]
        }
       ,"Link":{
          "Target":{
            "url":"f?p=\u0026APP_ID.:10005:\u0026APP_SESSION.::\u0026DEBUG.:::"
           ,"Page":"10005"
          }
        }
       ,"Click Counting":{
          "Count Clicks":false
        }
       ,"User Defined Attributes":{
          "Translatable":false
        }
       ,"Security":{
          "Authorization Scheme":"Administration Rights (16844170522600560)"
        }
      }
    ]
  }
 ,{
    "id":"16839574059600540"
   ,"Identification":{
      "Name":"Navigation Bar"
    }
   ,"Source":{
      "Type":"Static Values"
    }
   ,"Entries":[
      {
        "id":"16902836444600708"
       ,"Label":{
          "Label":"\u0026APP_USER."
        }
       ,"Icon":{
          "Image\/Icon CSS Classes":"fa-user"
        }
       ,"Layout":{
          "Sequence":10
        }
       ,"Is Current":{
          "Type":"Target Page"
        }
       ,"Link":{
          "Target":"#"
        }
       ,"Click Counting":{
          "Count Clicks":false
        }
       ,"User Defined Attributes":{
          "Translatable":false
         ,"2.":"has-username"
        }
      }
     ,{
        "id":"16903392503600709"
       ,"Label":{
          "Label":"---"
        }
       ,"Layout":{
          "Sequence":20
         ,"Parent Entry":"\u0026APP_USER. (16902836444600708)"
        }
       ,"Is Current":{
          "Type":"Target Page"
        }
       ,"Link":{
          "Target":"separator"
        }
       ,"Click Counting":{
          "Count Clicks":false
        }
       ,"User Defined Attributes":{
          "Translatable":false
        }
       ,"Server-side Condition":{
          "Type":"User is Authenticated (not public)"
        }
      }
     ,{
        "id":"16903788488600709"
       ,"Label":{
          "Label":"Sign Out"
        }
       ,"Icon":{
          "Image\/Icon CSS Classes":"fa-sign-out"
        }
       ,"Layout":{
          "Sequence":30
         ,"Parent Entry":"\u0026APP_USER. (16902836444600708)"
        }
       ,"Is Current":{
          "Type":"Target Page"
        }
       ,"Link":{
          "Target":"\u0026LOGOUT_URL."
        }
       ,"Click Counting":{
          "Count Clicks":false
        }
       ,"User Defined Attributes":{
          "Translatable":false
        }
       ,"Server-side Condition":{
          "Type":"User is Authenticated (not public)"
        }
      }
    ]
  }
 ,{
    "id":"16905526503600712"
   ,"Identification":{
      "Name":"Application Configuration"
    }
   ,"Source":{
      "Type":"Static Values"
    }
   ,"Configuration":{
      "Build Option":"Feature: Configuration Options (16842516441600558)"
    }
   ,"Entries":[
      {
        "id":"22508975023607587"
       ,"Label":{
          "Label":"Configuration Options"
        }
       ,"Icon":{
          "Image\/Icon CSS Classes":"fa-sliders"
        }
       ,"Layout":{
          "Sequence":10
        }
       ,"Is Current":{
          "Type":"Target Page"
        }
       ,"Link":{
          "Target":{
            "url":"f?p=\u0026APP_ID.:10010:\u0026SESSION.::\u0026DEBUG.:10010:::"
           ,"Page":"10010"
           ,"Clear Cache":"10010"
          }
        }
       ,"Click Counting":{
          "Count Clicks":false
        }
       ,"User Defined Attributes":{
          "Translatable":false
         ,"1.":"Enable or disable application features"
        }
       ,"Configuration":{
          "Build Option":"Feature: Configuration Options (16842516441600558)"
        }
      }
    ]
  }
 ,{
    "id":"16906208084600713"
   ,"Identification":{
      "Name":"User Interface"
    }
   ,"Source":{
      "Type":"Static Values"
    }
   ,"Configuration":{
      "Build Option":"Feature: Theme Style Selection (16842882018600558)"
    }
   ,"Entries":[
      {
        "id":"16906563084600713"
       ,"Label":{
          "Label":"Theme Style Selection"
        }
       ,"Icon":{
          "Image\/Icon CSS Classes":"fa-paint-brush"
        }
       ,"Layout":{
          "Sequence":10
        }
       ,"Is Current":{
          "Type":"Target Page"
        }
       ,"Link":{
          "Target":{
            "url":"f?p=\u0026APP_ID.:10020:\u0026APP_SESSION.::\u0026DEBUG.:10020::"
           ,"Page":"10020"
           ,"Clear Cache":"10020"
          }
        }
       ,"Click Counting":{
          "Count Clicks":false
        }
       ,"User Defined Attributes":{
          "Translatable":false
         ,"1.":"Set the default application look and feel"
        }
       ,"Configuration":{
          "Build Option":"Feature: Theme Style Selection (16842882018600558)"
        }
      }
    ]
  }
 ,{
    "id":"16906874242600713"
   ,"Identification":{
      "Name":"Access Control"
    }
   ,"Source":{
      "Type":"Static Values"
    }
   ,"Configuration":{
      "Build Option":"Feature: Access Control (16842078010600558)"
    }
   ,"Entries":[
      {
        "id":"16907324697600713"
       ,"Label":{
          "Label":"Users"
        }
       ,"Icon":{
          "Image\/Icon CSS Classes":"fa-users"
        }
       ,"Layout":{
          "Sequence":10
        }
       ,"Is Current":{
          "Type":"Target Page"
        }
       ,"Link":{
          "Target":{
            "url":"f?p=\u0026APP_ID.:10031:\u0026APP_SESSION.::\u0026DEBUG.:RP::"
           ,"Page":"10031"
           ,"Clear Cache":"RP"
          }
        }
       ,"Click Counting":{
          "Count Clicks":false
        }
       ,"User Defined Attributes":{
          "Translatable":false
         ,"1.":"Set level of access for authenticated users of this application"
        }
      }
     ,{
        "id":"16907629291600714"
       ,"Label":{
          "Label":"Access Control"
        }
       ,"Icon":{
          "Image\/Icon CSS Classes":"fa-key"
        }
       ,"Layout":{
          "Sequence":20
        }
       ,"Is Current":{
          "Type":"Target Page"
        }
       ,"Link":{
          "Target":{
            "url":"f?p=\u0026APP_ID.:10030:\u0026APP_SESSION.::\u0026DEBUG.:::"
           ,"Page":"10030"
          }
        }
       ,"Click Counting":{
          "Count Clicks":false
        }
       ,"User Defined Attributes":{
          "Translatable":false
         ,"1.":"Change access control settings and disable access control"
        }
      }
    ]
  }
 ,{
    "id":"22508088061577315"
   ,"Identification":{
      "Name":"LoginUsers"
    }
   ,"Source":{
      "Type":"Static Values"
    }
   ,"Configuration":{
      "Build Option":"Feature: Configuration Options (16842516441600558)"
    }
   ,"Entries":[
      {
        "id":"22509466454633898"
       ,"Label":{
          "Label":"LOGIN USER"
        }
       ,"Icon":{
          "Image\/Icon CSS Classes":"fa-user-play"
        }
       ,"Layout":{
          "Sequence":10
        }
       ,"Is Current":{
          "Type":"Target Page"
        }
       ,"Link":{
          "Target":{
            "url":"f?p=\u0026APP_ID.:1:\u0026SESSION.::\u0026DEBUG.:1:::"
           ,"Page":"1"
           ,"Clear Cache":"1"
          }
        }
       ,"Click Counting":{
          "Count Clicks":false
        }
       ,"User Defined Attributes":{
          "Translatable":false
         ,"1.":"Login To Your User Account"
        }
      }
     ,{
        "id":"22509991963637279"
       ,"Label":{
          "Label":"LOGIN ADMIN"
        }
       ,"Icon":{
          "Image\/Icon CSS Classes":"fa-user-lock"
        }
       ,"Layout":{
          "Sequence":10
        }
       ,"Is Current":{
          "Type":"Target Page"
        }
       ,"Link":{
          "Target":{
            "url":"f?p=\u0026APP_ID.:1:\u0026SESSION.::\u0026DEBUG.:1:::"
           ,"Page":"1"
           ,"Clear Cache":"1"
          }
        }
       ,"Click Counting":{
          "Count Clicks":false
        }
       ,"User Defined Attributes":{
          "Translatable":false
         ,"1.":"Login To Your User Account"
        }
      }
    ]
  }
]
