[
  {
    "id":"16866111347600633"
   ,"Identification":{
      "Name":"DESKTOP THEME STYLES"
    }
   ,"Source":{
      "Location":"Local Database"
     ,"Type":"SQL Query"
     ,"SQL Query":"select s.name d,\n       s.theme_style_id r\n  from apex_application_theme_styles s,\n       apex_application_themes t\n where s.application_id = :app_id\n   and t.application_id = s.application_id\n   and t.theme_number   = s.theme_number\n   and t.is_current     = \u0027Yes\u0027\n order by 1"
    }
   ,"Column Mapping":{
      "Return":"R"
     ,"Display":"D"
     ,"Default Sort":"Use Order By from Query"
    }
  }
 ,{
    "id":"16866740449600641"
   ,"Identification":{
      "Name":"USER_THEME_PREFERENCE"
    }
   ,"Source":{
      "Location":"Static Values"
    }
   ,"Entries":[
      {
        "id":"16867056267600642"
       ,"Entry":{
          "Sequence":1
         ,"Display":"Allow End Users to choose Theme Style"
         ,"Return":"Yes"
        }
      }
    ]
  }
 ,{
    "id":"16884010789600661"
   ,"Identification":{
      "Name":"ACCESS_ROLES"
    }
   ,"Source":{
      "Location":"Local Database"
     ,"Type":"SQL Query"
     ,"SQL Query":"select role_name d, role_id r\nfrom APEX_APPL_ACL_ROLES where application_id = :APP_ID \norder by 1"
    }
   ,"Column Mapping":{
      "Return":"R"
     ,"Display":"D"
     ,"Default Sort":"Use Order By from Query"
    }
  }
 ,{
    "id":"16891368749600671"
   ,"Identification":{
      "Name":"EMAIL_USERNAME_FORMAT"
    }
   ,"Source":{
      "Location":"Static Values"
    }
   ,"Entries":[
      {
        "id":"16891653015600671"
       ,"Entry":{
          "Sequence":1
         ,"Display":"Email Addresses"
         ,"Return":"EMAIL"
        }
      }
    ]
  }
]
