[
  {
    "id":"16733736772600450"
   ,"Identification":{
      "Name":"Avatar"
    }
  }
 ,{
    "id":"16742647973600470"
   ,"Identification":{
      "Name":"Badge"
    }
  }
 ,{
    "id":"16748535948600475"
   ,"Identification":{
      "Name":"Button"
    }
  }
 ,{
    "id":"16751313711600479"
   ,"Identification":{
      "Name":"Comments"
    }
  }
 ,{
    "id":"16761249245600486"
   ,"Identification":{
      "Name":"Content Row"
    }
  }
 ,{
    "id":"16783681902600500"
   ,"Identification":{
      "Name":"Media List"
    }
  }
 ,{
    "id":"16800397816600510"
   ,"Identification":{
      "Name":"Timeline"
    }
  }
]
