[
  {
    "id":"16678544722600412"
   ,"Identification":{
      "Name":"Alerts"
    }
  }
 ,{
    "id":"16678793495600413"
   ,"Identification":{
      "Name":"Badge List"
    }
  }
 ,{
    "id":"16682759595600415"
   ,"Identification":{
      "Name":"Cards"
    }
  }
 ,{
    "id":"16688198758600417"
   ,"Identification":{
      "Name":"Comments"
    }
  }
 ,{
    "id":"16689404169600418"
   ,"Identification":{
      "Name":"Content Row"
    }
  }
 ,{
    "id":"16692590949600419"
   ,"Identification":{
      "Name":"Contextual Info"
    }
  }
 ,{
    "id":"16693595666600420"
   ,"Identification":{
      "Name":"Media List"
    }
  }
 ,{
    "id":"16696600370600421"
   ,"Identification":{
      "Name":"Search Results"
    }
  }
 ,{
    "id":"16696743215600421"
   ,"Identification":{
      "Name":"Standard"
    }
  }
 ,{
    "id":"16699395565600423"
   ,"Identification":{
      "Name":"Timeline"
    }
  }
 ,{
    "id":"16699730900600423"
   ,"Identification":{
      "Name":"Value Attribute Pairs - Column"
    }
  }
 ,{
    "id":"16701799668600424"
   ,"Identification":{
      "Name":"Value Attribute Pairs - Row"
    }
  }
]
