[
  {
    "id":"16728981499600439"
   ,"Identification":{
      "Name":"Hidden"
    }
  }
 ,{
    "id":"16729059997600439"
   ,"Identification":{
      "Name":"Optional"
    }
  }
 ,{
    "id":"16729167176600439"
   ,"Identification":{
      "Name":"Optional - Above"
    }
  }
 ,{
    "id":"16729275947600439"
   ,"Identification":{
      "Name":"Optional - Floating"
    }
  }
 ,{
    "id":"16729337183600439"
   ,"Identification":{
      "Name":"Required"
    }
  }
 ,{
    "id":"16730038579600440"
   ,"Identification":{
      "Name":"Required - Above"
    }
  }
 ,{
    "id":"16730556124600440"
   ,"Identification":{
      "Name":"Required - Floating"
    }
  }
]
