[
  {
    "id":"16703628069600425"
   ,"Identification":{
      "Name":"Badge List"
    }
  }
 ,{
    "id":"16707627414600428"
   ,"Identification":{
      "Name":"Cards"
    }
  }
 ,{
    "id":"16713204315600430"
   ,"Identification":{
      "Name":"Links List"
    }
  }
 ,{
    "id":"16714778707600431"
   ,"Identification":{
      "Name":"Media List"
    }
  }
 ,{
    "id":"16717563734600432"
   ,"Identification":{
      "Name":"Menu Bar"
    }
  }
 ,{
    "id":"16718591064600433"
   ,"Identification":{
      "Name":"Menu Popup"
    }
  }
 ,{
    "id":"16719200503600433"
   ,"Identification":{
      "Name":"Navigation Bar"
    }
  }
 ,{
    "id":"16719601019600434"
   ,"Identification":{
      "Name":"Side Navigation Menu"
    }
  }
 ,{
    "id":"16721349025600435"
   ,"Identification":{
      "Name":"Tabs"
    }
  }
 ,{
    "id":"16722966661600435"
   ,"Identification":{
      "Name":"Top Navigation Mega Menu"
    }
  }
 ,{
    "id":"16724939972600436"
   ,"Identification":{
      "Name":"Top Navigation Menu"
    }
  }
 ,{
    "id":"16725941210600437"
   ,"Identification":{
      "Name":"Top Navigation Tabs"
    }
  }
 ,{
    "id":"16727625648600437"
   ,"Identification":{
      "Name":"Wizard Progress"
    }
  }
]
