[
  {
    "id":"16556127965600338"
   ,"Identification":{
      "Name":"Drawer"
    }
  }
 ,{
    "id":"16558967387600347"
   ,"Identification":{
      "Name":"Left Side Column"
    }
  }
 ,{
    "id":"16562710110600349"
   ,"Identification":{
      "Name":"Left and Right Side Columns"
    }
  }
 ,{
    "id":"16566679715600350"
   ,"Identification":{
      "Name":"Login"
    }
  }
 ,{
    "id":"16569317583600351"
   ,"Identification":{
      "Name":"Marquee"
    }
  }
 ,{
    "id":"16573242380600353"
   ,"Identification":{
      "Name":"Minimal (No Navigation)"
    }
  }
 ,{
    "id":"16576701597600355"
   ,"Identification":{
      "Name":"Modal Dialog"
    }
  }
 ,{
    "id":"16578182031600355"
   ,"Identification":{
      "Name":"Right Side Column"
    }
  }
 ,{
    "id":"16581865756600357"
   ,"Identification":{
      "Name":"Standard"
    }
  }
 ,{
    "id":"16585250487600360"
   ,"Identification":{
      "Name":"Wizard Modal Dialog"
    }
  }
]
