[
  {
    "id":"16586814208600361"
   ,"Identification":{
      "Name":"Alert"
    }
  }
 ,{
    "id":"16592005032600366"
   ,"Identification":{
      "Name":"Blank with Attributes"
    }
  }
 ,{
    "id":"16593328934600370"
   ,"Identification":{
      "Name":"Blank with Attributes (No Grid)"
    }
  }
 ,{
    "id":"16594788254600370"
   ,"Identification":{
      "Name":"Cards Container"
    }
  }
 ,{
    "id":"16596856591600371"
   ,"Identification":{
      "Name":"Carousel Container"
    }
  }
 ,{
    "id":"16606738714600376"
   ,"Identification":{
      "Name":"Image"
    }
  }
 ,{
    "id":"16612194818600379"
   ,"Identification":{
      "Name":"Inline Drawer"
    }
  }
 ,{
    "id":"16617006640600382"
   ,"Identification":{
      "Name":"Login"
    }
  }
 ,{
    "id":"16619478727600383"
   ,"Identification":{
      "Name":"Search Results Container"
    }
  }
 ,{
    "id":"16622165091600384"
   ,"Identification":{
      "Name":"Buttons Container"
    }
  }
 ,{
    "id":"16626286783600386"
   ,"Identification":{
      "Name":"Content Block"
    }
  }
 ,{
    "id":"16630898054600388"
   ,"Identification":{
      "Name":"Interactive Report"
    }
  }
 ,{
    "id":"16632940101600389"
   ,"Identification":{
      "Name":"Collapsible"
    }
  }
 ,{
    "id":"16642785814600393"
   ,"Identification":{
      "Name":"Hero"
    }
  }
 ,{
    "id":"16646284744600395"
   ,"Identification":{
      "Name":"Inline Dialog"
    }
  }
 ,{
    "id":"16650677115600396"
   ,"Identification":{
      "Name":"Inline Popup"
    }
  }
 ,{
    "id":"16656120957600399"
   ,"Identification":{
      "Name":"Item Container"
    }
  }
 ,{
    "id":"16658618210600400"
   ,"Identification":{
      "Name":"Standard"
    }
  }
 ,{
    "id":"16668383311600408"
   ,"Identification":{
      "Name":"Tabs Container"
    }
  }
 ,{
    "id":"16670965546600409"
   ,"Identification":{
      "Name":"Title Bar"
    }
  }
 ,{
    "id":"16676037066600411"
   ,"Identification":{
      "Name":"Wizard Container"
    }
  }
]
