[
  {
    "id":"7268969782615705"
   ,"Identification":{
      "Name":"MovieHub-credentials"
    }
   ,"Authentication":{
      "Type":"Oracle Cloud Infrastructure (OCI)"
     ,"OCI User ID":"ocid1.user.oc1..aaaaaaaawhiodz3rndkuriemc3anjd72rvlse4i2zami6ewe5la2p6ojfqlq"
     ,"OCI Private Key":"***"
     ,"OCI Tenancy ID":"ocid1.tenancy.oc1..aaaaaaaa4yet6xypq5khquqhozb7rja2cwomj4zvpxvqgusrnojr3t5rieiq"
     ,"OCI Public Key Fingerprint":"06:6b:26:9c:8d:5a:20:de:86:5e:aa:53:e6:ad:8d:d7"
    }
   ,"Advanced":{
      "Valid for URLs":"https:\/\/sql.dbtools.mx-queretaro-1.oci.oraclecloud.com\/20201005\/ords\/ocid1.databasetoolsconnection.oc1.mx-queretaro-1.amaaaaaacicuulya5ogj6fzkqyqcb5ecba6u4bhqtqocytyvj6ix3y6aci7a\/_\/sql\n"
     ,"Static ID":"MovieHub_credentials"
     ,"Prompt On Install":false
    }
  }
]
