[
  {
    "id":"17064182168279363"
   ,"Identification":{
      "Name":"hw_endopoint_rest"
    }
   ,"Endpoint URL":{
      "URL":"https:\/\/sql.dbtools.mx-queretaro-1.oci.oraclecloud.com\/20201005\/ords\/ocid1.databasetoolsconnection.oc1.mx-queretaro-1.amaaaaaacicuulya5ogj6fzkqyqcb5ecba6u4bhqtqocytyvj6ix3y6aci7a"
    }
   ,"Authentication":{
      "Credentials":"MovieHub-credentials (7268969782615705)"
    }
   ,"Advanced":{
      "Static ID":"hw_endopoint_rest"
     ,"Prompt On Install":true
     ,"Server Time Zone":"UTC"
     ,"Database Type":"MySQL"
    }
  }
]
