{
  "id":"100"
 ,"Identification":{
    "Name":"MovieHub - Powered by MySQL HeatWave"
   ,"Alias":"MOVIEHUB-BY-MYSQL100"
   ,"Version":"Release 1.0"
  }
 ,"Row Search":{
    "Tokenize":true
  }
 ,"Availability":{
    "Status":"Available with Developer Toolbar"
   ,"Build Status":"Run and Build Application"
  }
 ,"Error Handling":{
    "Default Display Location":"Inline with Field and in Notification"
  }
 ,"Report Printing":{
    "Type":"Native Printing"
  }
 ,"Advanced":{
    "Friendly URLs":true
   ,"Allow Feedback":true
   ,"Logging":true
   ,"Debugging":true
   ,"Compatibility Mode":"21.2 \/ 22.1 \/ 22.2"
  }
 ,"Authentication":{
    "Public User":"APEX_PUBLIC_USER"
   ,"Authentication Scheme":"Oracle APEX Accounts (16555028183600333)"
  }
 ,"Authorization":{
    "Authorization Scheme":"Reader Rights (16844237140600560)"
   ,"Run on Public Pages":false
   ,"Run on Background Job":true
   ,"Source for Role or Group Schemes":"Access Control User Role Assignments"
  }
 ,"Session Management":{
    "Rejoin Sessions":"Disabled"
  }
 ,"Session State Protection":{
    "Enabled":true
  }
 ,"Security":{
    "Deep Linking":"Disabled"
   ,"Browser Cache":"Disabled"
   ,"Embed in Frames":"Deny"
   ,"Referrer Policy":"strict-origin"
   ,"HTML Escaping Mode":"Extended"
   ,"Runtime API Usage":[
      "Modify This Application"
    ]
  }
 ,"Advanced":{
    "Pass ECID":"Y"
  }
 ,"Database Session":{
    "Parsing Schema":"WKSP_HEATWAVE"
  }
 ,"Globalization":{
    "Primary Language":"English (en)"
   ,"Document Direction":"Left-To-Right"
   ,"Language Derived From":"Application Primary Language"
   ,"Automatic Time Zone":false
   ,"Automatic CSV Encoding":true
  }
 ,"Application Format Masks":{
    "Date":"DS"
   ,"Timestamp":"DS"
   ,"Timestamp Time Zone":"DS"
  }
 ,"Character Value Comparison":{
    "Behavior":"Database session NLS setting (default)"
  }
 ,"Logo":{
    "Type":"Text"
   ,"Text":"MovieHub - Powered by MySQL HeatWave"
  }
 ,"Progressive Web App":{
    "Enable":true
   ,"Installable":false
   ,"Display":"Standalone"
   ,"Screen Orientation":"Any"
   ,"iOS Status Bar Style":"Default"
   ,"Enable Push Notifications":false
  }
 ,"Navigation":{
    "Home URL":{
      "url":"f?p=\u0026APP_ID.:1:\u0026APP_SESSION.::\u0026DEBUG.:::"
     ,"Page":"1"
    }
   ,"Login URL":{
      "url":"f?p=\u0026APP_ID.:LOGIN:\u0026APP_SESSION.::\u0026DEBUG.:::"
     ,"Page":"LOGIN"
    }
  }
 ,"Navigation Menu":{
    "List Template":"Side Navigation Menu (16719601019600434)"
   ,"Template Options":[
      "#DEFAULT#"
     ,"js-defaultCollapsed"
     ,"js-navCollapsed--hidden"
     ,"t-TreeNav--styleB"
    ]
   ,"List Position":"Side"
   ,"List":"Menu (16555744296600337)"
  }
 ,"Navigation Bar":{
    "Implementation":"List"
   ,"List":"Navigation Bar (16839574059600540)"
   ,"List Template":"Navigation Bar (16719200503600433)"
   ,"Template Options":[
      "#DEFAULT#"
    ]
  }
 ,"JavaScript":{
    "Include jQuery Migrate":false
  }
 ,"Attributes":{
    "Theme":"Universal Theme (42)"
   ,"Global Page":"0"
   ,"Enable End Users to choose Theme Style":false
   ,"Add \"Built with APEX\" to Footer":false
  }
 ,"Substitutions":[
    {
      "id":"1"
     ,"Identification":{
        "Name":"APP_NAME"
      }
     ,"Value":{
        "Static Value":"MOVIES APP-HW"
      }
    }
  ]
 ,"Application Settings":[
    {
      "id":"16845216305600564"
     ,"Identification":{
        "Name":"ACCESS_CONTROL_SCOPE"
      }
     ,"Value":{
        "Value":"ALL_USERS"
       ,"Required":false
      }
     ,"Advanced":{
        "Valid Values":"ACL_ONLY, ALL_USERS"
       ,"On Upgrade Keep Value":true
      }
     ,"Configuration":{
        "Build Option":"Feature: Access Control (16842078010600558)"
      }
     ,"Comments":{
        "Comments":"The default access level given to authenticated users who are not in the access control list"
      }
    }
  ]
}
