{
  "id":"4"
 ,"Identification":{
    "Name":"Hello, Lisa"
   ,"Alias":"HELLO-LISA"
   ,"Title":"Hello, Lisa"
  }
 ,"Appearance":{
    "Page Mode":"Normal"
   ,"Page Template":"Theme Default"
   ,"Template Options":[
      "#DEFAULT#"
    ]
  }
 ,"Navigation Menu":{
    "Override User Interface Level":false
  }
 ,"Navigation":{
    "Cursor Focus":"Do not focus cursor"
   ,"Warn on Unsaved Changes":true
  }
 ,"CSS":{
    "Inline":".a-tags {\n    list-style: lower-latin ;\n}\n.a-tag {\n    background-color: #0b080e;\n    color: rgb(248, 248, 248);\n    border-radius: 8px;\n    padding: 6px;\n    margin: 5px;\n    display: inline-flex;\n}"
  }
 ,"Security":{
    "Authentication":"Page Is Public"
  }
 ,"Advanced":{
    "Enable Meta Tags":false
  }
 ,"Security":{
    "Deep Linking":"Application Default"
   ,"Page Access Protection":"Arguments Must Have Checksum"
   ,"Form Auto Complete":"Off"
   ,"Browser Cache":"Application Default"
  }
 ,"Session Management":{
    "Rejoin Sessions":"Application Default"
  }
 ,"Advanced":{
    "Enable duplicate page submissions":"Yes - Enable page to be re-posted"
   ,"Reload on Submit":"Only for Success"
  }
 ,"Server Cache":{
    "Caching":"Disabled"
  }
 ,"Regions":[
    {
      "id":"10385740773751201"
     ,"Identification":{
        "Title":"Breadcrumb"
       ,"Type":"Breadcrumb"
      }
     ,"Source":{
        "Breadcrumb":"Breadcrumb (16555259918600334)"
      }
     ,"Layout":{
        "Sequence":10
       ,"Parent Region":"No Parent"
       ,"Position":"REGION_POSITION_01"
       ,"Start New Layout":false
       ,"Start New Row":true
       ,"Column":"Automatic"
       ,"New Column":true
       ,"Column Span":"Automatic"
      }
     ,"Appearance":{
        "Template":"Title Bar (16670965546600409)"
       ,"Template Options":[
          "#DEFAULT#"
         ,"t-BreadcrumbRegion--useBreadcrumbTitle"
        ]
       ,"Render Components":"Above Content"
      }
     ,"Accessibility":{
        "Use Landmark":true
       ,"Landmark Type":"Template Default"
      }
     ,"Advanced":{
        "Region Display Selector":false
       ,"Exclude Title from Translation":false
      }
     ,"Server Cache":{
        "Caching":"Disabled"
      }
     ,"Customization":{
        "Customizable":"Not Customizable By End Users"
      }
     ,"Attributes":{
        "Appearance":{
          "Breadcrumb Template":"Breadcrumb (16733428132600444)"
         ,"Template Options":[
            "#DEFAULT#"
          ]
        }
      }
    }
   ,{
      "id":"32242247065048910"
     ,"Identification":{
        "Title":"User 20 + 15r"
       ,"Type":"Cards"
      }
     ,"Source":{
        "Location":"REST Enabled SQL"
       ,"Remote Server":"hw_endopoint_rest (17064182168279363)"
       ,"Type":"SQL Query"
       ,"SQL Query":"SELECT\n    q.item_id,\n    q.Title,\n    q.\u0060Release Year\u0060,\n    TRIM(\u0027,\u0027 FROM q.Genres) AS Genres,\n    m.user_id,\n    m.ml_results AS \u0027Recommendation Rating\u0027,\n    u.url_down,\n    i.legend\nFROM movies.pred_user_20_15r m\nJOIN (\n    SELECT\n        item_id,\n        title AS \u0027Title\u0027,\n        release_year AS \u0027Release Year\u0027,\n        CONCAT(\n            IF(genre_action = 1, CONCAT(\u0027action,\u0027), CONCAT(\u0027\u0027)),\n            IF(genre_adventure = 1, CONCAT(\u0027adventure,\u0027), CONCAT(\u0027\u0027)),\n            IF(genre_animation = 1, CONCAT(\u0027animation,\u0027), CONCAT(\u0027\u0027)),\n            IF(genre_children = 1, CONCAT(\u0027children,\u0027), CONCAT(\u0027\u0027)),\n            IF(genre_comedy = 1, CONCAT(\u0027comedy,\u0027), CONCAT(\u0027\u0027)),\n            IF(genre_crime = 1, CONCAT(\u0027crime,\u0027), CONCAT(\u0027\u0027)),\n            IF(genre_documentary = 1, CONCAT(\u0027documentary,\u0027), CONCAT(\u0027\u0027)),\n            IF(genre_drama = 1, CONCAT(\u0027drama,\u0027), \u0027\u0027),\n            IF(genre_fantasy = 1, CONCAT(\u0027fantasy,\u0027), CONCAT(\u0027\u0027)),\n            IF(genre_filmnoir = 1, CONCAT(\u0027filmnoir,\u0027), CONCAT(\u0027\u0027)),\n            IF(genre_horror = 1, CONCAT(\u0027horror,\u0027), CONCAT(\u0027\u0027)),\n            IF(genre_musical = 1, CONCAT(\u0027musical,\u0027), CONCAT(\u0027\u0027)),\n            IF(genre_mystery = 1, CONCAT(\u0027mystery,\u0027), CONCAT(\u0027\u0027)),\n            IF(genre_romance = 1, CONCAT(\u0027romance,\u0027), CONCAT(\u0027\u0027)),\n            IF(genre_scifi = 1, CONCAT(\u0027scifi,\u0027), CONCAT(\u0027\u0027)),\n            IF(genre_thriller = 1, CONCAT(\u0027thriller,\u0027), CONCAT(\u0027\u0027)),\n            IF(genre_unknown = 1, CONCAT(\u0027unknown,\u0027), CONCAT(\u0027\u0027)),\n            IF(genre_war = 1, CONCAT(\u0027war,\u0027), CONCAT(\u0027\u0027)),\n            IF(genre_western = 1, CONCAT(\u0027western,\u0027), CONCAT(\u0027\u0027))\n        ) AS \u0027Genres\u0027\n    FROM movies.item\n) q ON m.item_id = q.item_id\nJOIN item_media u ON m.item_id = u.image_id\nJOIN (\n    SELECT image_id, legend\n    FROM item_media\n) i ON m.item_id = i.image_id\nORDER BY m.ml_results DESC, q.Title DESC\nLIMIT 5;"
      }
     ,"Remote Cache":{
        "Caching":"Disabled"
      }
     ,"Layout":{
        "Sequence":40
       ,"Parent Region":"Recommended Movies For You (36856223787883992)"
       ,"Position":"BODY"
       ,"Start New Layout":false
       ,"Start New Row":true
       ,"Column":"Automatic"
       ,"New Column":true
       ,"Column Span":"Automatic"
      }
     ,"Appearance":{
        "Template":"Cards Container (16594788254600370)"
       ,"Template Options":[
          "u-colors"
         ,"t-CardsRegion--styleA"
         ,"js-headingLevel-2"
         ,"t-Form--slimPadding"
         ,"t-Form--large"
         ,"t-Form--leftLabels"
         ,"t-Form--labelsAbove"
        ]
       ,"Render Components":"Above Content"
      }
     ,"Accessibility":{
        "Use Landmark":true
       ,"Landmark Type":"Template Default"
      }
     ,"Advanced":{
        "Static ID":"U20_15"
       ,"Region Display Selector":false
       ,"Exclude Title from Translation":false
      }
     ,"Server Cache":{
        "Caching":"Disabled"
      }
     ,"Customization":{
        "Customizable":"Not Customizable By End Users"
      }
     ,"Attributes":{
        "id":"8603857617610164"
       ,"Appearance":{
          "Layout":"Grid"
         ,"Grid Columns":"5 Columns"
        }
       ,"Card":{
          "Primary Key Column 1":"Genres"
        }
       ,"Title":{
          "Advanced Formatting":true
         ,"HTML Expression":"\u003Ch3\u003E\u003Cb\u003E\u0026\"Title\".\u003C\/b\u003E\u003C\/h3\u003E"
        }
       ,"Subtitle":{
          "Advanced Formatting":false
         ,"Column":"Release Year"
        }
       ,"Body":{
          "Advanced Formatting":true
         ,"HTML Expression":"\u003Cbr\u003E\n{if Genres\/}\n    \u003Cul class=\"a-tags\"\u003E\n    {loop \",\" Genres\/}\n \t    \u003Cli class=\"a-tag\"\u003E\u003Cb\u003E\u0026APEX$ITEM.\u003C\/li\u003E\u003C\/b\u003E\n    {endloop\/}\n    \u003C\/ul\u003E\n{endif\/}\n\u003C\/br\u003E"
        }
       ,"Secondary Body":{
          "Advanced Formatting":true
         ,"HTML Expression":"\u003Ch4\u003E\u003Cb\u003E\u0026\"legend\".\u003C\/b\u003E\u003C\/h4\u003E"
        }
       ,"Icon and Badge":{
          "Icon Source":"No Icon"
        }
       ,"Media":{
          "Advanced Formatting":false
         ,"Source":"URL Column"
         ,"URL Column":"url_down"
         ,"Position":"Body"
         ,"Appearance":"Auto"
         ,"Sizing":"Fit"
        }
       ,"Performance":{
          "Lazy Loading":false
        }
       ,"Pagination":{
          "Type":"Scroll"
         ,"Show Total Count":false
        }
      }
    }
   ,{
      "id":"32242472857048912"
     ,"Identification":{
        "Title":"User 20 + 30r"
       ,"Type":"Cards"
      }
     ,"Source":{
        "Location":"REST Enabled SQL"
       ,"Remote Server":"hw_endopoint_rest (17064182168279363)"
       ,"Type":"SQL Query"
       ,"SQL Query":"SELECT\n    q.item_id,\n    q.Title,\n    q.\u0060Release Year\u0060,\n    TRIM(\u0027,\u0027 FROM q.Genres) AS Genres,\n    m.user_id,\n    m.ml_results AS \u0027Recommendation Rating\u0027,\n    u.url_down,\n    i.legend\nFROM movies.pred_user_20_30r m\nJOIN (\n    SELECT\n        item_id,\n        title AS \u0027Title\u0027,\n        release_year AS \u0027Release Year\u0027,\n        CONCAT(\n            IF(genre_action = 1, CONCAT(\u0027action,\u0027), CONCAT(\u0027\u0027)),\n            IF(genre_adventure = 1, CONCAT(\u0027adventure,\u0027), CONCAT(\u0027\u0027)),\n            IF(genre_animation = 1, CONCAT(\u0027animation,\u0027), CONCAT(\u0027\u0027)),\n            IF(genre_children = 1, CONCAT(\u0027children,\u0027), CONCAT(\u0027\u0027)),\n            IF(genre_comedy = 1, CONCAT(\u0027comedy,\u0027), CONCAT(\u0027\u0027)),\n            IF(genre_crime = 1, CONCAT(\u0027crime,\u0027), CONCAT(\u0027\u0027)),\n            IF(genre_documentary = 1, CONCAT(\u0027documentary,\u0027), CONCAT(\u0027\u0027)),\n            IF(genre_drama = 1, CONCAT(\u0027drama,\u0027), \u0027\u0027),\n            IF(genre_fantasy = 1, CONCAT(\u0027fantasy,\u0027), CONCAT(\u0027\u0027)),\n            IF(genre_filmnoir = 1, CONCAT(\u0027filmnoir,\u0027), CONCAT(\u0027\u0027)),\n            IF(genre_horror = 1, CONCAT(\u0027horror,\u0027), CONCAT(\u0027\u0027)),\n            IF(genre_musical = 1, CONCAT(\u0027musical,\u0027), CONCAT(\u0027\u0027)),\n            IF(genre_mystery = 1, CONCAT(\u0027mystery,\u0027), CONCAT(\u0027\u0027)),\n            IF(genre_romance = 1, CONCAT(\u0027romance,\u0027), CONCAT(\u0027\u0027)),\n            IF(genre_scifi = 1, CONCAT(\u0027scifi,\u0027), CONCAT(\u0027\u0027)),\n            IF(genre_thriller = 1, CONCAT(\u0027thriller,\u0027), CONCAT(\u0027\u0027)),\n            IF(genre_unknown = 1, CONCAT(\u0027unknown,\u0027), CONCAT(\u0027\u0027)),\n            IF(genre_war = 1, CONCAT(\u0027war,\u0027), CONCAT(\u0027\u0027)),\n            IF(genre_western = 1, CONCAT(\u0027western,\u0027), CONCAT(\u0027\u0027))\n        ) AS \u0027Genres\u0027\n    FROM movies.item\n) q ON m.item_id = q.item_id\nJOIN item_media u ON m.item_id = u.image_id\nJOIN (\n    SELECT image_id, legend\n    FROM item_media\n) i ON m.item_id = i.image_id\nORDER BY m.ml_results DESC, q.Title DESC\nLIMIT 5;"
      }
     ,"Remote Cache":{
        "Caching":"Disabled"
      }
     ,"Layout":{
        "Sequence":50
       ,"Parent Region":"Recommended Movies For You (36856223787883992)"
       ,"Position":"BODY"
       ,"Start New Layout":false
       ,"Start New Row":true
       ,"Column":"Automatic"
       ,"New Column":true
       ,"Column Span":"Automatic"
      }
     ,"Appearance":{
        "Template":"Cards Container (16594788254600370)"
       ,"Template Options":[
          "#DEFAULT#"
         ,"t-CardsRegion--styleA"
         ,"js-headingLevel-1"
         ,"t-Form--slimPadding"
         ,"t-Form--large"
         ,"t-Form--leftLabels"
         ,"t-Form--labelsAbove"
        ]
       ,"Render Components":"Above Content"
      }
     ,"Accessibility":{
        "Use Landmark":true
       ,"Landmark Type":"Template Default"
      }
     ,"Advanced":{
        "Static ID":"U20_30"
       ,"Region Display Selector":false
       ,"Exclude Title from Translation":false
      }
     ,"Server Cache":{
        "Caching":"Disabled"
      }
     ,"Customization":{
        "Customizable":"Not Customizable By End Users"
      }
     ,"Attributes":{
        "id":"8604708646610165"
       ,"Appearance":{
          "Layout":"Grid"
         ,"Grid Columns":"5 Columns"
        }
       ,"Card":{
          "Primary Key Column 1":"Genres"
        }
       ,"Title":{
          "Advanced Formatting":true
         ,"HTML Expression":"\u003Ch3\u003E\u003Cb\u003E\u0026\"Title\".\u003C\/b\u003E\u003C\/h3\u003E"
        }
       ,"Subtitle":{
          "Advanced Formatting":false
         ,"Column":"Release Year"
        }
       ,"Body":{
          "Advanced Formatting":true
         ,"HTML Expression":"\u003Cbr\u003E\n{if Genres\/}\n    \u003Cul class=\"a-tags\"\u003E\n    {loop \",\" Genres\/}\n \t    \u003Cli class=\"a-tag\"\u003E\u003Cb\u003E\u0026APEX$ITEM.\u003C\/li\u003E\u003C\/b\u003E\n    {endloop\/}\n    \u003C\/ul\u003E\n{endif\/}\n\u003C\/br\u003E"
        }
       ,"Secondary Body":{
          "Advanced Formatting":true
         ,"HTML Expression":"\u003Ch4\u003E\u003Cb\u003E\u0026\"legend\".\u003C\/b\u003E\u003C\/h4\u003E"
        }
       ,"Icon and Badge":{
          "Icon Source":"No Icon"
        }
       ,"Media":{
          "Advanced Formatting":false
         ,"Source":"URL Column"
         ,"URL Column":"url_down"
         ,"Position":"Body"
         ,"Appearance":"Auto"
         ,"Sizing":"Fit"
        }
       ,"Performance":{
          "Lazy Loading":false
        }
       ,"Pagination":{
          "Type":"Scroll"
         ,"Show Total Count":false
        }
      }
    }
   ,{
      "id":"34051920645274367"
     ,"Identification":{
        "Title":"User 20 + 0r"
       ,"Type":"Cards"
      }
     ,"Source":{
        "Location":"REST Enabled SQL"
       ,"Remote Server":"hw_endopoint_rest (17064182168279363)"
       ,"Type":"SQL Query"
       ,"SQL Query":"SELECT\n    q.item_id,\n    q.Title,\n    q.\u0060Release Year\u0060,\n    TRIM(\u0027,\u0027 FROM q.Genres) AS Genres,\n    m.user_id,\n    m.ml_results AS \u0027Recommendation Rating\u0027,\n    u.url_down,\n    i.legend\nFROM movies.pred_user_20_0r m\nJOIN (\n    SELECT\n        item_id,\n        title AS \u0027Title\u0027,\n        release_year AS \u0027Release Year\u0027,\n        CONCAT(\n            IF(genre_action = 1, CONCAT(\u0027action,\u0027), CONCAT(\u0027\u0027)),\n            IF(genre_adventure = 1, CONCAT(\u0027adventure,\u0027), CONCAT(\u0027\u0027)),\n            IF(genre_animation = 1, CONCAT(\u0027animation,\u0027), CONCAT(\u0027\u0027)),\n            IF(genre_children = 1, CONCAT(\u0027children,\u0027), CONCAT(\u0027\u0027)),\n            IF(genre_comedy = 1, CONCAT(\u0027comedy,\u0027), CONCAT(\u0027\u0027)),\n            IF(genre_crime = 1, CONCAT(\u0027crime,\u0027), CONCAT(\u0027\u0027)),\n            IF(genre_documentary = 1, CONCAT(\u0027documentary,\u0027), CONCAT(\u0027\u0027)),\n            IF(genre_drama = 1, CONCAT(\u0027drama,\u0027), \u0027\u0027),\n            IF(genre_fantasy = 1, CONCAT(\u0027fantasy,\u0027), CONCAT(\u0027\u0027)),\n            IF(genre_filmnoir = 1, CONCAT(\u0027filmnoir,\u0027), CONCAT(\u0027\u0027)),\n            IF(genre_horror = 1, CONCAT(\u0027horror,\u0027), CONCAT(\u0027\u0027)),\n            IF(genre_musical = 1, CONCAT(\u0027musical,\u0027), CONCAT(\u0027\u0027)),\n            IF(genre_mystery = 1, CONCAT(\u0027mystery,\u0027), CONCAT(\u0027\u0027)),\n            IF(genre_romance = 1, CONCAT(\u0027romance,\u0027), CONCAT(\u0027\u0027)),\n            IF(genre_scifi = 1, CONCAT(\u0027scifi,\u0027), CONCAT(\u0027\u0027)),\n            IF(genre_thriller = 1, CONCAT(\u0027thriller,\u0027), CONCAT(\u0027\u0027)),\n            IF(genre_unknown = 1, CONCAT(\u0027unknown,\u0027), CONCAT(\u0027\u0027)),\n            IF(genre_war = 1, CONCAT(\u0027war,\u0027), CONCAT(\u0027\u0027)),\n            IF(genre_western = 1, CONCAT(\u0027western,\u0027), CONCAT(\u0027\u0027))\n        ) AS \u0027Genres\u0027\n    FROM movies.item\n) q ON m.item_id = q.item_id\nJOIN item_media u ON m.item_id = u.image_id\nJOIN (\n    SELECT image_id, legend\n    FROM item_media\n) i ON m.item_id = i.image_id\nORDER BY m.ml_results DESC, q.Title DESC\nLIMIT 5;"
      }
     ,"Remote Cache":{
        "Caching":"Disabled"
      }
     ,"Layout":{
        "Sequence":30
       ,"Parent Region":"Recommended Movies For You (36856223787883992)"
       ,"Position":"BODY"
       ,"Start New Layout":false
       ,"Start New Row":true
       ,"Column":"Automatic"
       ,"New Column":true
       ,"Column Span":"Automatic"
      }
     ,"Appearance":{
        "Template":"Cards Container (16594788254600370)"
       ,"Template Options":[
          "u-colors"
         ,"t-CardsRegion--styleA"
         ,"js-headingLevel-1"
         ,"t-Form--slimPadding"
         ,"t-Form--large"
         ,"t-Form--leftLabels"
         ,"t-Form--labelsAbove"
         ,"t-Region-orderBy--center"
        ]
       ,"Render Components":"Above Content"
      }
     ,"Accessibility":{
        "Use Landmark":true
       ,"Landmark Type":"Template Default"
      }
     ,"Advanced":{
        "Static ID":"U20_0"
       ,"Region Display Selector":false
       ,"Exclude Title from Translation":false
      }
     ,"Server Cache":{
        "Caching":"Disabled"
      }
     ,"Customization":{
        "Customizable":"Not Customizable By End Users"
      }
     ,"Attributes":{
        "id":"8602003579610162"
       ,"Appearance":{
          "Layout":"Grid"
         ,"Grid Columns":"5 Columns"
        }
       ,"Card":{
          "Primary Key Column 1":"Genres"
        }
       ,"Title":{
          "Advanced Formatting":true
         ,"HTML Expression":"\u003Ch3\u003E\u003Cb\u003E\u0026\"Title\".\u003C\/b\u003E\u003C\/h3\u003E"
        }
       ,"Subtitle":{
          "Advanced Formatting":false
         ,"Column":"Release Year"
        }
       ,"Body":{
          "Advanced Formatting":true
         ,"HTML Expression":"\u003Cbr\u003E\n{if Genres\/}\n    \u003Cul class=\"a-tags\"\u003E\n    {loop \",\" Genres\/}\n \t    \u003Cli class=\"a-tag\"\u003E\u003Cb\u003E\u0026APEX$ITEM.\u003C\/li\u003E\u003C\/b\u003E\n    {endloop\/}\n    \u003C\/ul\u003E\n{endif\/}\n\u003C\/br\u003E"
        }
       ,"Secondary Body":{
          "Advanced Formatting":true
         ,"HTML Expression":"\u003Ch4\u003E\u003Cb\u003E\u0026\"legend\".\u003C\/b\u003E\u003C\/h4\u003E"
        }
       ,"Icon and Badge":{
          "Icon Source":"No Icon"
        }
       ,"Media":{
          "Advanced Formatting":false
         ,"Source":"URL Column"
         ,"URL Column":"url_down"
         ,"Position":"Body"
         ,"Appearance":"Auto"
         ,"Sizing":"Fit"
        }
       ,"Performance":{
          "Lazy Loading":false
        }
       ,"Pagination":{
          "Type":"Scroll"
         ,"Show Total Count":false
        }
      }
    }
   ,{
      "id":"36856223787883992"
     ,"Identification":{
        "Title":"Recommended Movies For You"
       ,"Type":"Static Content"
      }
     ,"Layout":{
        "Sequence":20
       ,"Parent Region":"No Parent"
       ,"Position":"BODY"
       ,"Start New Layout":false
       ,"Start New Row":true
       ,"Column":"Automatic"
       ,"New Column":true
       ,"Column Span":"Automatic"
      }
     ,"Appearance":{
        "Template":"Standard (16658618210600400)"
       ,"Template Options":[
          "#DEFAULT#"
         ,"t-Region--scrollBody"
        ]
       ,"Render Components":"Above Content"
      }
     ,"Accessibility":{
        "Use Landmark":true
       ,"Landmark Type":"Template Default"
      }
     ,"Advanced":{
        "Region Display Selector":false
       ,"Exclude Title from Translation":false
      }
     ,"Server Cache":{
        "Caching":"Disabled"
      }
     ,"Customization":{
        "Customizable":"Not Customizable By End Users"
      }
     ,"Attributes":{
        "Settings":{
          "Output As":"HTML"
         ,"Expand Shortcuts":false
        }
      }
    }
   ,{
      "id":"60770314217993280"
     ,"Identification":{
        "Title":"Popular Movies"
       ,"Type":"Cards"
      }
     ,"Source":{
        "Location":"REST Enabled SQL"
       ,"Remote Server":"hw_endopoint_rest (17064182168279363)"
       ,"Type":"SQL Query"
       ,"SQL Query":"SELECT\n    q.item_id,\n    q.Title,\n    q.\u0060Release Year\u0060,\n    TRIM(\u0027,\u0027 FROM q.Genres) AS Genres,\n    m.user_id,\n    m.ml_results AS \u0027Recommendation Rating\u0027,\n    u.url_down,\n    i.legend\nFROM movies.pred_user_new_30r m\nJOIN (\n    SELECT\n        item_id,\n        title AS \u0027Title\u0027,\n        release_year AS \u0027Release Year\u0027,\n        CONCAT(\n            IF(genre_action = 1, CONCAT(\u0027action,\u0027), CONCAT(\u0027\u0027)),\n            IF(genre_adventure = 1, CONCAT(\u0027adventure,\u0027), CONCAT(\u0027\u0027)),\n            IF(genre_animation = 1, CONCAT(\u0027animation,\u0027), CONCAT(\u0027\u0027)),\n            IF(genre_children = 1, CONCAT(\u0027children,\u0027), CONCAT(\u0027\u0027)),\n            IF(genre_comedy = 1, CONCAT(\u0027comedy,\u0027), CONCAT(\u0027\u0027)),\n            IF(genre_crime = 1, CONCAT(\u0027crime,\u0027), CONCAT(\u0027\u0027)),\n            IF(genre_documentary = 1, CONCAT(\u0027documentary,\u0027), CONCAT(\u0027\u0027)),\n            IF(genre_drama = 1, CONCAT(\u0027drama,\u0027), \u0027\u0027),\n            IF(genre_fantasy = 1, CONCAT(\u0027fantasy,\u0027), CONCAT(\u0027\u0027)),\n            IF(genre_filmnoir = 1, CONCAT(\u0027filmnoir,\u0027), CONCAT(\u0027\u0027)),\n            IF(genre_horror = 1, CONCAT(\u0027horror,\u0027), CONCAT(\u0027\u0027)),\n            IF(genre_musical = 1, CONCAT(\u0027musical,\u0027), CONCAT(\u0027\u0027)),\n            IF(genre_mystery = 1, CONCAT(\u0027mystery,\u0027), CONCAT(\u0027\u0027)),\n            IF(genre_romance = 1, CONCAT(\u0027romance,\u0027), CONCAT(\u0027\u0027)),\n            IF(genre_scifi = 1, CONCAT(\u0027scifi,\u0027), CONCAT(\u0027\u0027)),\n            IF(genre_thriller = 1, CONCAT(\u0027thriller,\u0027), CONCAT(\u0027\u0027)),\n            IF(genre_unknown = 1, CONCAT(\u0027unknown,\u0027), CONCAT(\u0027\u0027)),\n            IF(genre_war = 1, CONCAT(\u0027war,\u0027), CONCAT(\u0027\u0027)),\n            IF(genre_western = 1, CONCAT(\u0027western,\u0027), CONCAT(\u0027\u0027))\n        ) AS \u0027Genres\u0027\n    FROM movies.item\n) q ON m.item_id = q.item_id\nJOIN item_media u ON m.item_id = u.image_id\nJOIN (\n    SELECT image_id, legend\n    FROM item_media\n) i ON m.item_id = i.image_id\nORDER BY m.ml_results DESC, q.Title DESC\nLIMIT 5;"
      }
     ,"Remote Cache":{
        "Caching":"Disabled"
      }
     ,"Layout":{
        "Sequence":60
       ,"Parent Region":"Recommended Movies For You (36856223787883992)"
       ,"Position":"BODY"
       ,"Start New Layout":false
       ,"Start New Row":false
       ,"Column":"Automatic"
       ,"New Column":false
       ,"Column Span":"Automatic"
      }
     ,"Appearance":{
        "Template":"Cards Container (16594788254600370)"
       ,"Template Options":[
          "u-colors"
         ,"t-CardsRegion--styleA"
         ,"js-headingLevel-1"
         ,"t-Form--slimPadding"
         ,"t-Form--large"
         ,"t-Form--leftLabels"
         ,"t-Form--labelsAbove"
         ,"t-Region-orderBy--center"
        ]
       ,"Render Components":"Above Content"
      }
     ,"Accessibility":{
        "Use Landmark":true
       ,"Landmark Type":"Template Default"
      }
     ,"Advanced":{
        "Static ID":"POP4"
       ,"Region Display Selector":false
       ,"Exclude Title from Translation":false
      }
     ,"Server Cache":{
        "Caching":"Disabled"
      }
     ,"Customization":{
        "Customizable":"Not Customizable By End Users"
      }
     ,"Attributes":{
        "id":"8602946146610163"
       ,"Appearance":{
          "Layout":"Grid"
         ,"Grid Columns":"5 Columns"
        }
       ,"Card":{
          "Primary Key Column 1":"Genres"
        }
       ,"Title":{
          "Advanced Formatting":true
         ,"HTML Expression":"\u003Ch3\u003E\u003Cb\u003E\u0026\"Title\".\u003C\/b\u003E\u003C\/h3\u003E"
        }
       ,"Subtitle":{
          "Advanced Formatting":false
         ,"Column":"Release Year"
        }
       ,"Body":{
          "Advanced Formatting":true
         ,"HTML Expression":"\u003Cbr\u003E\n{if Genres\/}\n    \u003Cul class=\"a-tags\"\u003E\n    {loop \",\" Genres\/}\n \t    \u003Cli class=\"a-tag\"\u003E\u003Cb\u003E\u0026APEX$ITEM.\u003C\/li\u003E\u003C\/b\u003E\n    {endloop\/}\n    \u003C\/ul\u003E\n{endif\/}\n\u003C\/br\u003E"
        }
       ,"Secondary Body":{
          "Advanced Formatting":true
         ,"HTML Expression":"\u003Ch4\u003E\u003Cb\u003E\u0026\"legend\".\u003C\/b\u003E\u003C\/h4\u003E"
        }
       ,"Icon and Badge":{
          "Icon Source":"No Icon"
        }
       ,"Media":{
          "Advanced Formatting":false
         ,"Source":"URL Column"
         ,"URL Column":"url_down"
         ,"Position":"Body"
         ,"Appearance":"Auto"
         ,"Sizing":"Fit"
        }
       ,"Performance":{
          "Lazy Loading":false
        }
       ,"Pagination":{
          "Type":"Scroll"
         ,"Show Total Count":false
        }
      }
    }
  ]
 ,"Page Items":[
    {
      "id":"36858867134884127"
     ,"Identification":{
        "Name":"DATE_4"
       ,"Type":"Date Picker"
      }
     ,"Label":{
        "Label":"Login Date"
       ,"Alignment":"Left"
      }
     ,"Settings":{
        "Show Time":false
       ,"Display As":"Native HTML"
       ,"Minimum Date":"Item"
       ,"Minimum Item":"P4_SYSDATE"
       ,"Maximum Date":"None"
      }
     ,"Layout":{
        "Sequence":20
       ,"Region":"Recommended Movies For You (36856223787883992)"
       ,"Position":"EDIT"
       ,"Alignment":"Left"
       ,"Start New Layout":false
       ,"Start New Row":true
       ,"Column":"Automatic"
       ,"New Column":true
       ,"Column Span":"Automatic"
       ,"Label Column Span":"Page Template Default"
      }
     ,"Appearance":{
        "Template":"Optional - Floating (16729275947600439)"
       ,"Template Options":[
          "#DEFAULT#"
        ]
       ,"Format Mask":"YYYY-MM-DD"
       ,"Width":30
      }
     ,"Validation":{
        "Value Required":false
      }
     ,"Advanced":{
        "Warn on Unsaved Changes":"Page Default"
      }
     ,"Source":{
        "Type":"SQL Query (return single value)"
       ,"SQL Query":"SELECT TO_CHAR(sysdate, \u0027YYYY-MM-DD\u0027) FROM dual;"
       ,"Used":"Only when current value in session state is null"
      }
     ,"Default":{
        "Type":"SQL Query"
       ,"SQL Query":"SELECT TO_CHAR(sysdate, \u0027YYYY-MM-DD\u0027) FROM dual;"
      }
     ,"Session State":{
        "Storage":"Per Session (Persistent)"
      }
     ,"Quick Picks":{
        "Show Quick Picks":false
      }
     ,"Security":{
        "Session State Protection":"Unrestricted"
       ,"Store value encrypted in session state":true
       ,"Restricted Characters":"All characters can be saved."
      }
    }
   ,{
      "id":"37779826629771829"
     ,"Identification":{
        "Name":"P4_SYSDATE"
       ,"Type":"Hidden"
      }
     ,"Settings":{
        "Value Protected":true
      }
     ,"Layout":{
        "Sequence":30
       ,"Region":"Recommended Movies For You (36856223787883992)"
       ,"Position":"EDIT"
      }
     ,"Advanced":{
        "Warn on Unsaved Changes":"Page Default"
      }
     ,"Source":{
        "Type":"SQL Query (return single value)"
       ,"SQL Query":"SELECT TO_CHAR(sysdate, \u0027YYYY-MM-DD\u0027) FROM dual;"
       ,"Used":"Always, replacing any existing value in session state"
      }
     ,"Default":{
        "Type":"SQL Query"
       ,"SQL Query":"SELECT TO_CHAR(sysdate, \u0027YYYY-MM-DD\u0027) FROM dual;"
      }
     ,"Session State":{
        "Data Type":"VARCHAR2"
       ,"Storage":"Per Session (Persistent)"
      }
     ,"Security":{
        "Session State Protection":"Unrestricted"
       ,"Store value encrypted in session state":true
       ,"Restricted Characters":"All characters can be saved."
      }
    }
   ,{
      "id":"37780253356771833"
     ,"Identification":{
        "Name":"P4_SESSION"
       ,"Type":"Hidden"
      }
     ,"Settings":{
        "Value Protected":true
      }
     ,"Layout":{
        "Sequence":20
       ,"Region":"Recommended Movies For You (36856223787883992)"
       ,"Position":"BODY"
      }
     ,"Advanced":{
        "Warn on Unsaved Changes":"Page Default"
      }
     ,"Source":{
        "Type":"Null"
       ,"Used":"Only when current value in session state is null"
      }
     ,"Session State":{
        "Data Type":"VARCHAR2"
       ,"Storage":"Per Session (Persistent)"
      }
     ,"Security":{
        "Session State Protection":"Unrestricted"
       ,"Store value encrypted in session state":true
       ,"Restricted Characters":"All characters can be saved."
      }
    }
   ,{
      "id":"39255727088145240"
     ,"Identification":{
        "Name":"P4_ACK"
       ,"Type":"Display Only"
      }
     ,"Label":{
        "Label":"Acknowledgement"
       ,"Alignment":"Left"
      }
     ,"Settings":{
        "Format":"Plain Text"
       ,"Based On":"Item Value"
       ,"Show Line Breaks":true
       ,"Send On Page Submit":true
      }
     ,"Layout":{
        "Sequence":40
       ,"Region":"No Parent"
       ,"Position":"REGION_POSITION_05"
       ,"Alignment":"Left"
       ,"Start New Layout":false
       ,"Start New Row":true
       ,"Column":"Automatic"
       ,"New Column":true
       ,"Column Span":"Automatic"
       ,"Label Column Span":"Page Template Default"
      }
     ,"Appearance":{
        "Template":"Optional - Floating (16729275947600439)"
       ,"Template Options":[
          "#DEFAULT#"
        ]
      }
     ,"Advanced":{
        "Warn on Unsaved Changes":"Page Default"
      }
     ,"Source":{
        "Type":"Static Value"
       ,"Static Value":"F. Maxwell Harper and Joseph A. Konstan. 2015. The MovieLens Datasets:\nHistory and Context. ACM Transactions on Interactive Intelligent Systems (TiiS) 5, 4, Article 19 (December 2015), 19 pages.\nDOI=http:\/\/dx.doi.org\/10.1145\/2827872"
       ,"Used":"Always, replacing any existing value in session state"
      }
     ,"Session State":{
        "Data Type":"VARCHAR2"
       ,"Storage":"Per Session (Persistent)"
      }
     ,"Security":{
        "Session State Protection":"Unrestricted"
       ,"Store value encrypted in session state":true
       ,"Restricted Characters":"All characters can be saved."
      }
    }
  ]
 ,"Buttons":[
    {
      "id":"8599179051610031"
     ,"Identification":{
        "Button Name":"LOGOUT941"
       ,"Label":"]-\u003E Profiles"
      }
     ,"Layout":{
        "Sequence":40
       ,"Region":"Recommended Movies For You (36856223787883992)"
       ,"Position":"EDIT"
       ,"Start New Layout":false
       ,"Start New Row":true
       ,"Column":"Automatic"
       ,"New Column":true
       ,"Column Span":"Automatic"
      }
     ,"Appearance":{
        "Button Template":"Text (16731741709600443)"
       ,"Hot":true
       ,"Template Options":[
          "#DEFAULT#"
         ,"t-Button--small"
         ,"t-Button--warning"
         ,"t-Button--simple"
        ]
      }
     ,"Behavior":{
        "Action":"Redirect to Page in this Application"
       ,"Target":{
          "url":"f?p=\u0026APP_ID.:2:\u0026SESSION.::\u0026DEBUG.:::"
         ,"Page":"2"
        }
       ,"Warn on Unsaved Changes":"Do Not Check"
      }
    }
   ,{
      "id":"8599571709610159"
     ,"Identification":{
        "Button Name":"ADD15"
       ,"Label":"Watch 15 Movies"
      }
     ,"Layout":{
        "Sequence":10
       ,"Region":"Recommended Movies For You (36856223787883992)"
       ,"Position":"PREVIOUS"
       ,"Start New Layout":false
       ,"Start New Row":true
       ,"Column":"Automatic"
       ,"New Column":true
       ,"Column Span":"Automatic"
      }
     ,"Appearance":{
        "Button Template":"Text (16731741709600443)"
       ,"Hot":false
       ,"Template Options":[
          "#DEFAULT#"
        ]
      }
     ,"Behavior":{
        "Action":"Defined by Dynamic Action"
       ,"Execute Validations":true
      }
    }
   ,{
      "id":"8599881750610160"
     ,"Identification":{
        "Button Name":"ADD30"
       ,"Label":"Watch 30 Movies"
      }
     ,"Layout":{
        "Sequence":20
       ,"Region":"Recommended Movies For You (36856223787883992)"
       ,"Position":"PREVIOUS"
       ,"Start New Layout":false
       ,"Start New Row":true
       ,"Column":"Automatic"
       ,"New Column":true
       ,"Column Span":"Automatic"
      }
     ,"Appearance":{
        "Button Template":"Text (16731741709600443)"
       ,"Hot":false
       ,"Template Options":[
          "#DEFAULT#"
        ]
      }
     ,"Behavior":{
        "Action":"Defined by Dynamic Action"
       ,"Execute Validations":true
      }
    }
   ,{
      "id":"8600272128610160"
     ,"Identification":{
        "Button Name":"Restore"
       ,"Label":"Restore"
      }
     ,"Layout":{
        "Sequence":30
       ,"Region":"Recommended Movies For You (36856223787883992)"
       ,"Position":"PREVIOUS"
       ,"Start New Layout":false
       ,"Start New Row":true
       ,"Column":"Automatic"
       ,"New Column":true
       ,"Column Span":"Automatic"
      }
     ,"Appearance":{
        "Button Template":"Text (16731741709600443)"
       ,"Hot":true
       ,"Template Options":[
          "#DEFAULT#"
        ]
      }
     ,"Behavior":{
        "Action":"Defined by Dynamic Action"
       ,"Execute Validations":true
      }
    }
  ]
 ,"Dynamic Actions":[
    {
      "id":"8606396991610174"
     ,"Identification":{
        "Name":"add 15"
      }
     ,"Execution":{
        "Sequence":10
      }
     ,"When":{
        "Event":"EVENT.EVENT.BROWSER.CLICK"
       ,"Selection Type":"Button"
       ,"Button":"ADD15 (8599571709610159)"
      }
     ,"Execution":{
        "Event Scope":"Static"
       ,"Type":"Immediate"
      }
     ,"Actions":[
        {
          "id":"8606892266610174"
         ,"Identification":{
            "Action":"Execute JavaScript Code"
          }
         ,"Settings":{
            "Code":"$(\"#U20_0\").hide(10);\n$(\"#U20_30\").hide(10);\n$(\"#U20_15\").show(10);\n$(\"#POP4\").hide(10);"
          }
         ,"Execution":{
            "Sequence":10
           ,"Event":"add 15 (8606396991610174)"
           ,"Fire When Event Result Is":"True"
           ,"Fire on Initialization":false
          }
        }
      ]
    }
   ,{
      "id":"8607305679610174"
     ,"Identification":{
        "Name":"add 30"
      }
     ,"Execution":{
        "Sequence":20
      }
     ,"When":{
        "Event":"EVENT.EVENT.BROWSER.CLICK"
       ,"Selection Type":"Button"
       ,"Button":"ADD30 (8599881750610160)"
      }
     ,"Execution":{
        "Event Scope":"Static"
       ,"Type":"Immediate"
      }
     ,"Actions":[
        {
          "id":"8607847906610175"
         ,"Identification":{
            "Action":"Execute JavaScript Code"
          }
         ,"Settings":{
            "Code":"$(\"#U20_0\").hide(10);\n$(\"#U20_15\").hide(10);\n$(\"#U20_30\").show(10);\n$(\"#POP4\").hide(10);"
          }
         ,"Execution":{
            "Sequence":10
           ,"Event":"add 30 (8607305679610174)"
           ,"Fire When Event Result Is":"True"
           ,"Fire on Initialization":false
          }
        }
      ]
    }
   ,{
      "id":"8608185355610175"
     ,"Identification":{
        "Name":"Restore"
      }
     ,"Execution":{
        "Sequence":30
      }
     ,"When":{
        "Event":"EVENT.EVENT.BROWSER.CLICK"
       ,"Selection Type":"Button"
       ,"Button":"Restore (8600272128610160)"
      }
     ,"Execution":{
        "Event Scope":"Static"
       ,"Type":"Immediate"
      }
     ,"Actions":[
        {
          "id":"8608749422610175"
         ,"Identification":{
            "Action":"Execute JavaScript Code"
          }
         ,"Settings":{
            "Code":"$(\"#U20_15\").hide(10);\n$(\"#U20_30\").hide(10);\n$(\"#U20_0\").show(10);\n$(\"#POP4\").hide(10);"
          }
         ,"Execution":{
            "Sequence":10
           ,"Event":"Restore (8608185355610175)"
           ,"Fire When Event Result Is":"True"
           ,"Fire on Initialization":false
          }
        }
      ]
    }
   ,{
      "id":"8609063216610175"
     ,"Identification":{
        "Name":"restore"
      }
     ,"Execution":{
        "Sequence":40
      }
     ,"When":{
        "Event":"EVENT.EVENT.BROWSER.READY"
      }
     ,"Execution":{
        "Event Scope":"Static"
      }
     ,"Actions":[
        {
          "id":"8609569812610176"
         ,"Identification":{
            "Action":"Execute JavaScript Code"
          }
         ,"Settings":{
            "Code":"$(\"#U20_15\").hide(10);\n$(\"#U20_30\").hide(10);\n$(\"#U20_0\").show(10);\n$(\"#POP4\").hide(10);"
          }
         ,"Execution":{
            "Sequence":10
           ,"Event":"restore (8609063216610175)"
           ,"Fire When Event Result Is":"True"
           ,"Fire on Initialization":false
          }
        }
      ]
    }
   ,{
      "id":"8610042498610176"
     ,"Identification":{
        "Name":"session2"
      }
     ,"Execution":{
        "Sequence":50
      }
     ,"When":{
        "Event":"EVENT.EVENT.BROWSER.CLICK"
       ,"Selection Type":"Button"
       ,"Button":"ADD15 (8599571709610159)"
      }
     ,"Execution":{
        "Event Scope":"Static"
       ,"Type":"Immediate"
      }
     ,"Actions":[
        {
          "id":"8610507126610176"
         ,"Identification":{
            "Action":"Set Value"
          }
         ,"Settings":{
            "Set Type":"Static Assignment"
           ,"Value":"2"
           ,"Suppress Change Event":false
          }
         ,"Affected Elements":{
            "Selection Type":"Item(s)"
           ,"Item(s)":[
              "P4_SESSION"
            ]
          }
         ,"Execution":{
            "Sequence":10
           ,"Event":"session2 (8610042498610176)"
           ,"Fire When Event Result Is":"True"
           ,"Fire on Initialization":true
           ,"Stop Execution On Error":true
           ,"Wait For Result":true
          }
        }
      ]
    }
   ,{
      "id":"8610881385610176"
     ,"Identification":{
        "Name":"session3"
      }
     ,"Execution":{
        "Sequence":60
      }
     ,"When":{
        "Event":"EVENT.EVENT.BROWSER.CLICK"
       ,"Selection Type":"Button"
       ,"Button":"ADD30 (8599881750610160)"
      }
     ,"Execution":{
        "Event Scope":"Static"
       ,"Type":"Immediate"
      }
     ,"Actions":[
        {
          "id":"8611406629610176"
         ,"Identification":{
            "Action":"Set Value"
          }
         ,"Settings":{
            "Set Type":"Static Assignment"
           ,"Value":"3"
           ,"Suppress Change Event":false
          }
         ,"Affected Elements":{
            "Selection Type":"Item(s)"
           ,"Item(s)":[
              "P4_SESSION"
            ]
          }
         ,"Execution":{
            "Sequence":10
           ,"Event":"session3 (8610881385610176)"
           ,"Fire When Event Result Is":"True"
           ,"Fire on Initialization":true
           ,"Stop Execution On Error":true
           ,"Wait For Result":true
          }
        }
      ]
    }
   ,{
      "id":"8611838558610177"
     ,"Identification":{
        "Name":"session1"
      }
     ,"Execution":{
        "Sequence":70
      }
     ,"When":{
        "Event":"EVENT.EVENT.BROWSER.CLICK"
       ,"Selection Type":"Button"
       ,"Button":"Restore (8600272128610160)"
      }
     ,"Execution":{
        "Event Scope":"Static"
       ,"Type":"Immediate"
      }
     ,"Actions":[
        {
          "id":"8612317031610177"
         ,"Identification":{
            "Action":"Set Value"
          }
         ,"Settings":{
            "Set Type":"Static Assignment"
           ,"Value":"1"
           ,"Suppress Change Event":false
          }
         ,"Affected Elements":{
            "Selection Type":"Item(s)"
           ,"Item(s)":[
              "P4_SESSION"
            ]
          }
         ,"Execution":{
            "Sequence":10
           ,"Event":"session1 (8611838558610177)"
           ,"Fire When Event Result Is":"True"
           ,"Fire on Initialization":true
           ,"Stop Execution On Error":true
           ,"Wait For Result":true
          }
        }
      ]
    }
   ,{
      "id":"8612739733610177"
     ,"Identification":{
        "Name":"New"
      }
     ,"Execution":{
        "Sequence":80
      }
     ,"When":{
        "Event":"EVENT.EVENT.BROWSER.CHANGE"
       ,"Selection Type":"Item(s)"
       ,"Item(s)":[
          "DATE_4"
        ]
      }
     ,"Execution":{
        "Event Scope":"Static"
       ,"Type":"Immediate"
      }
     ,"Actions":[
        {
          "id":"8613201893610177"
         ,"Identification":{
            "Action":"Execute JavaScript Code"
          }
         ,"Settings":{
            "Code":"\/\/ **Get the date string from the input type\n\nvar itemVal = $v(\u0027DATE_4\u0027);\n\/\/var itemVal = \"2023-09-26\"\n\n\/\/ **Get the various element of the date ie year, month and date\n\n\nvar year = itemVal.substring(0,4);  \n\nvar month = itemVal.substring(5,7);  \n\nvar day = itemVal.substring(8,10);\n\n\/\/ **Construct JS Date Object  \nconsole.log(\u0027The DatePicked date is: \u0027 + itemVal);\nconsole.log(\u0027The year date is: \u0027 + year);\nconsole.log(\u0027The month date is: \u0027 + month);\nconsole.log(\u0027The day date is: \u0027 + day);\n\nvar inputDate =new Date();  \n\ninputDate.setFullYear(year,month-1,day);  \/\/Months in javascript start from 0\n\ninputDate.setHours(0,0,0,0);\n\nconsole.log(\u0027The input date is: \u0027 + inputDate);\n\/\/ **Get todays date, as Date Object  \n\nvar todayDate = new Date(); \n\ntodayDate.setHours(0,0,0,0);\n\nconsole.log(\u0027The todays date is: \u0027 + todayDate);\n\nvar todayPlus31 =new Date();  \n\ntodayPlus31 = apex.date.add( todayPlus31, 31, apex.date.UNIT.DAY );\ntodayPlus31.setHours(0,0,0,0);\n\nconsole.log(\u0027The todays date plus 31 is: \u0027 + todayPlus31);\n\/\/ **replace P1_SHOW_HIDE_ITEM with YOUR item name  \n\/\/ **Compare input date and today date  \n\nvar isDateSame = apex.date.isSame( inputDate, todayDate);\nvar isDateSameAfter = apex.date.isSameOrAfter( inputDate, todayPlus31);\n\nvar a = $v(\u0027P4_SESSION\u0027);\nconsole.log(\u0027Parsed value: \u0027 + a);\nif (isDateSameAfter == false)  {\n\n    $(\"#dissapear1\").show();\n    if (a == \u00271\u0027) {\n    $(\"#U20_0\").show(10);\n    }\n    if (a == \u00272\u0027) {\n    $(\"#U20_15\").show(10);\n    }\n    if (a == \u00273\u0027) {\n    $(\"#U20_30\").show(10);\n    }\n    $(\"#POP4\").hide(10);\n\n} if (isDateSameAfter == true){\n\n    $(\"#U20_0\").hide(10);\n    $(\"#U20_15\").hide(10);\n    $(\"#U20_30\").hide(10);\n    $(\"#POP4\").show(10);\n}"
          }
         ,"Execution":{
            "Sequence":10
           ,"Event":"New (8612739733610177)"
           ,"Fire When Event Result Is":"True"
           ,"Fire on Initialization":false
          }
        }
      ]
    }
  ]
}
