{
  "id":"7"
 ,"Identification":{
    "Name":"Analytics Dashboard"
   ,"Alias":"ANALYTICS-DASHBOARD1"
   ,"Title":"Analytics Dashboard"
   ,"Page Group":"Administration (16845437803600566)"
  }
 ,"Appearance":{
    "Page Mode":"Normal"
   ,"Page Template":"Theme Default"
   ,"Template Options":[
      "#DEFAULT#"
    ]
  }
 ,"Navigation Menu":{
    "Override User Interface Level":false
  }
 ,"Navigation":{
    "Cursor Focus":"Do not focus cursor"
   ,"Warn on Unsaved Changes":true
  }
 ,"Security":{
    "Authorization Scheme":"Administration Rights (16844170522600560)"
   ,"Authentication":"Page Requires Authentication"
   ,"Deep Linking":"Application Default"
   ,"Page Access Protection":"Arguments Must Have Checksum"
   ,"Form Auto Complete":"Off"
   ,"Browser Cache":"Application Default"
  }
 ,"Session Management":{
    "Rejoin Sessions":"Application Default"
  }
 ,"Advanced":{
    "Enable duplicate page submissions":"Yes - Enable page to be re-posted"
   ,"Reload on Submit":"Only for Success"
  }
 ,"Server Cache":{
    "Caching":"Disabled"
  }
 ,"Regions":[
    {
      "id":"38428422434003600"
     ,"Identification":{
        "Title":"Breadcrumb"
       ,"Type":"Breadcrumb"
      }
     ,"Source":{
        "Breadcrumb":"Breadcrumb (16555259918600334)"
      }
     ,"Layout":{
        "Sequence":10
       ,"Parent Region":"No Parent"
       ,"Position":"REGION_POSITION_01"
       ,"Start New Layout":false
       ,"Start New Row":true
       ,"Column":"Automatic"
       ,"New Column":true
       ,"Column Span":"Automatic"
      }
     ,"Appearance":{
        "Template":"Title Bar (16670965546600409)"
       ,"Template Options":[
          "#DEFAULT#"
         ,"t-BreadcrumbRegion--useBreadcrumbTitle"
        ]
       ,"Render Components":"Above Content"
      }
     ,"Accessibility":{
        "Use Landmark":true
       ,"Landmark Type":"Template Default"
      }
     ,"Advanced":{
        "Region Display Selector":false
       ,"Exclude Title from Translation":false
      }
     ,"Server Cache":{
        "Caching":"Disabled"
      }
     ,"Customization":{
        "Customizable":"Not Customizable By End Users"
      }
     ,"Attributes":{
        "Appearance":{
          "Breadcrumb Template":"Breadcrumb (16733428132600444)"
         ,"Template Options":[
            "#DEFAULT#"
          ]
        }
      }
    }
   ,{
      "id":"49129215453352665"
     ,"Identification":{
        "Title":"Movies -  Genres Distribution"
       ,"Type":"Chart"
      }
     ,"Layout":{
        "Sequence":10
       ,"Parent Region":"No Parent"
       ,"Position":"BODY"
       ,"Start New Layout":false
       ,"Start New Row":true
       ,"Column":"Automatic"
       ,"New Column":true
       ,"Column Span":"Automatic"
      }
     ,"Appearance":{
        "Template":"Standard (16658618210600400)"
       ,"Template Options":[
          "#DEFAULT#"
         ,"t-Region--accent7"
         ,"t-Region--noBorder"
         ,"t-Region--scrollBody"
        ]
       ,"Render Components":"Above Content"
      }
     ,"Accessibility":{
        "Use Landmark":true
       ,"Landmark Type":"Template Default"
      }
     ,"Advanced":{
        "Region Display Selector":false
       ,"Exclude Title from Translation":false
      }
     ,"Security":{
        "Escape special characters":false
      }
     ,"Server Cache":{
        "Caching":"Disabled"
      }
     ,"Customization":{
        "Customizable":"Not Customizable By End Users"
      }
     ,"Attributes":{
        "id":"8632778351745223"
       ,"Chart":{
          "Type":"Pie"
        }
       ,"Layout":{
          "Height":400
        }
       ,"Data Cursor":{
          "Cursor":"Automatic"
         ,"Behavior":"Automatic"
         ,"Dim On Hover":true
        }
       ,"Settings":{
          "Pie Selection Effect":"Highlight"
        }
       ,"Value":{
          "Pie Chart Other Threshold":0
         ,"Format":"Decimal"
         ,"Decimal Places":0
         ,"Format Scaling":"None"
        }
       ,"Animation":{
          "On Display":"Automatic"
         ,"On Data Change":"Automatic"
        }
       ,"Tooltip":{
          "Show":true
         ,"Show Series Name":true
         ,"Show Value":true
        }
       ,"Legend":{
          "Show":true
         ,"Position":"Automatic"
         ,"Hide and Show Behavior":"Rescale"
        }
       ,"Series":[
          {
            "id":"8633350462745224"
           ,"Identification":{
              "Name":"Series 1"
            }
           ,"Execution":{
              "Sequence":10
            }
           ,"Source":{
              "Location":"REST Enabled SQL"
             ,"Remote Server":"hw_endopoint_rest (17064182168279363)"
             ,"Type":"SQL Query"
             ,"SQL Query":"SELECT\n    \u0027genre_action\u0027 AS Genres,\n    SUM(genre_action) AS count,\n    AVG(genre_action) AS avgerage,\n    (SUM(genre_action) \/ COUNT(*)) * 100 AS Percentage\nFROM movies.item\nUNION ALL\nSELECT\n    \u0027genre_adventure\u0027 AS Genres,\n    SUM(genre_adventure) AS count,\n    AVG(genre_adventure) AS avgerage,\n    (SUM(genre_adventure) \/ COUNT(*)) * 100 AS Percentage\nFROM movies.item\nUNION ALL\nSELECT\n    \u0027genre_animation\u0027 AS Genres,\n    SUM(genre_animation) AS count,\n    AVG(genre_animation) AS avgerage,\n    (SUM(genre_animation) \/ COUNT(*)) * 100 AS Percentage\nFROM movies.item\nUNION ALL\nSELECT\n    \u0027genre_children\u0027 AS Genres,\n    SUM(genre_children) AS count,\n    AVG(genre_children) AS avgerage,\n    (SUM(genre_children) \/ COUNT(*)) * 100 AS Percentage\nFROM movies.item\nUNION ALL\nSELECT\n    \u0027genre_comedy\u0027 AS Genres,\n    SUM(genre_comedy) AS count,\n    AVG(genre_comedy) AS avgerage,\n    (SUM(genre_comedy) \/ COUNT(*)) * 100 AS Percentage\nFROM movies.item\nUNION ALL\nSELECT\n    \u0027genre_crime\u0027 AS Genres,\n    SUM(genre_crime) AS count,\n    AVG(genre_crime) AS avgerage,\n    (SUM(genre_crime) \/ COUNT(*)) * 100 AS Percentage\nFROM movies.item\nUNION ALL\nSELECT\n    \u0027genre_documentary\u0027 AS Genres,\n    SUM(genre_documentary) AS count,\n    AVG(genre_documentary) AS avgerage,\n    (SUM(genre_documentary) \/ COUNT(*)) * 100 AS Percentage\nFROM movies.item\nUNION ALL\nSELECT\n    \u0027genre_drama\u0027 AS Genres,\n    SUM(genre_drama) AS count,\n    AVG(genre_drama) AS avgerage,\n    (SUM(genre_drama) \/ COUNT(*)) * 100 AS Percentage\nFROM movies.item\nUNION ALL\nSELECT\n    \u0027genre_fantasy\u0027 AS Genres,\n    SUM(genre_fantasy) AS count,\n    AVG(genre_fantasy) AS avgerage,\n    (SUM(genre_fantasy) \/ COUNT(*)) * 100 AS Percentage\nFROM movies.item\nUNION ALL\nSELECT\n    \u0027genre_filmnoir\u0027 AS Genres,\n    SUM(genre_filmnoir) AS count,\n    AVG(genre_filmnoir) AS avgerage,\n    (SUM(genre_filmnoir) \/ COUNT(*)) * 100 AS Percentage\nFROM movies.item\nUNION ALL\nSELECT\n    \u0027genre_horror\u0027 AS Genres,\n    SUM(genre_horror) AS count,\n    AVG(genre_horror) AS avgerage,\n    (SUM(genre_horror) \/ COUNT(*)) * 100 AS Percentage\nFROM movies.item\nUNION ALL\nSELECT\n    \u0027genre_musical\u0027 AS Genres,\n    SUM(genre_musical) AS count,\n    AVG(genre_musical) AS avgerage,\n    (SUM(genre_musical) \/ COUNT(*)) * 100 AS Percentage\nFROM movies.item\nUNION ALL\nSELECT\n    \u0027genre_mystery\u0027 AS Genres,\n    SUM(genre_mystery) AS count,\n    AVG(genre_mystery) AS avgerage,\n    (SUM(genre_mystery) \/ COUNT(*)) * 100 AS Percentage\nFROM movies.item\nUNION ALL\nSELECT\n    \u0027genre_romance\u0027 AS Genres,\n    SUM(genre_romance) AS count,\n    AVG(genre_romance) AS avgerage,\n    (SUM(genre_romance) \/ COUNT(*)) * 100 AS Percentage\nFROM movies.item\nUNION ALL\nSELECT\n    \u0027genre_scifi\u0027 AS Genres,\n    SUM(genre_scifi) AS count,\n    AVG(genre_scifi) AS avgerage,\n    (SUM(genre_scifi) \/ COUNT(*)) * 100 AS Percentage\nFROM movies.item\nUNION ALL\nSELECT\n    \u0027genre_thriller\u0027 AS Genres,\n    SUM(genre_thriller) AS count,\n    AVG(genre_thriller) AS avgerage,\n    (SUM(genre_thriller) \/ COUNT(*)) * 100 AS Percentage\nFROM movies.item\nUNION ALL\nSELECT\n    \u0027genre_unknown\u0027 AS Genres,\n    SUM(genre_unknown) AS count,\n    AVG(genre_unknown) AS avgerage,\n    (SUM(genre_unknown) \/ COUNT(*)) * 100 AS Percentage\nFROM movies.item\nUNION ALL\nSELECT\n    \u0027genre_war\u0027 AS Genres,\n    SUM(genre_war) AS count,\n    AVG(genre_war) AS avgerage,\n    (SUM(genre_war) \/ COUNT(*)) * 100 AS Percentage\nFROM movies.item\nUNION ALL\nSELECT\n    \u0027genre_western\u0027 AS Genres,\n    SUM(genre_western) AS count,\n    AVG(genre_western) AS avgerage,\n    (SUM(genre_western) \/ COUNT(*)) * 100 AS Percentage\nFROM movies.item\nORDER BY Genres;\n"
            }
           ,"Remote Cache":{
              "Caching":"Disabled"
            }
           ,"Column Mapping":{
              "Series Name":"Genres"
             ,"Label":"Genres"
             ,"Value":"Percentage"
             ,"Custom Tooltip":"count"
            }
           ,"Label":{
              "Show":true
             ,"Position":"Automatic"
             ,"Display As":"Label - Percentage"
            }
           ,"Performance":{
              "Maximum Rows to Process":20
            }
          }
        ]
      }
    }
   ,{
      "id":"49131837273352674"
     ,"Identification":{
        "Title":"Users  - Gender Distribution"
       ,"Type":"Chart"
      }
     ,"Layout":{
        "Sequence":20
       ,"Parent Region":"No Parent"
       ,"Position":"BODY"
       ,"Start New Layout":false
       ,"Start New Row":false
       ,"Column":"Automatic"
       ,"New Column":true
       ,"Column Span":"Automatic"
      }
     ,"Appearance":{
        "Template":"Standard (16658618210600400)"
       ,"Template Options":[
          "#DEFAULT#"
         ,"t-Region--accent7"
         ,"t-Region--noBorder"
         ,"t-Region--scrollBody"
         ,"t-Form--large"
        ]
       ,"Render Components":"Above Content"
      }
     ,"Accessibility":{
        "Use Landmark":true
       ,"Landmark Type":"Template Default"
      }
     ,"Advanced":{
        "Region Display Selector":false
       ,"Exclude Title from Translation":false
      }
     ,"Security":{
        "Escape special characters":false
      }
     ,"Server Cache":{
        "Caching":"Disabled"
      }
     ,"Customization":{
        "Customizable":"Not Customizable By End Users"
      }
     ,"Attributes":{
        "id":"8629223733745216"
       ,"Chart":{
          "Type":"Donut"
        }
       ,"Layout":{
          "Height":400
        }
       ,"Data Cursor":{
          "Cursor":"Automatic"
         ,"Behavior":"Automatic"
         ,"Dim On Hover":true
        }
       ,"Settings":{
          "Pie Selection Effect":"Highlight And Explode"
        }
       ,"Value":{
          "Pie Chart Other Threshold":0
         ,"Format":"Decimal"
         ,"Decimal Places":0
         ,"Format Scaling":"None"
        }
       ,"Animation":{
          "On Display":"Automatic"
         ,"On Data Change":"Automatic"
        }
       ,"Tooltip":{
          "Show":true
         ,"Show Series Name":true
         ,"Show Value":true
        }
       ,"Legend":{
          "Show":false
        }
       ,"Series":[
          {
            "id":"8631456478745220"
           ,"Identification":{
              "Name":"Series 1"
            }
           ,"Execution":{
              "Sequence":10
            }
           ,"Source":{
              "Location":"REST Enabled SQL"
             ,"Remote Server":"hw_endopoint_rest (17064182168279363)"
             ,"Type":"SQL Query"
             ,"SQL Query":"SELECT user_gender, \nCOUNT(*) AS user_count, \n(COUNT(*) \/ (SELECT COUNT(*) \nFROM movies.user)) * 100 AS gender_percentage \nFROM movies.user \nGROUP BY user_gender;"
            }
           ,"Remote Cache":{
              "Caching":"Disabled"
            }
           ,"Column Mapping":{
              "Series Name":"user_gender"
             ,"Label":"user_gender"
             ,"Value":"gender_percentage"
             ,"Custom Tooltip":"user_count"
             ,"Custom Column":"gender_percentage"
            }
           ,"Label":{
              "Show":true
             ,"Position":"Outside Bar Edge"
             ,"Display As":"Label - Percentage"
             ,"Font Family":"Georgia"
             ,"Font Style":"Normal"
             ,"Font Size":"18"
            }
           ,"Performance":{
              "Maximum Rows to Process":20
            }
          }
        ]
      }
    }
   ,{
      "id":"49133361223352675"
     ,"Identification":{
        "Title":"Users - Age Distribution"
       ,"Type":"Chart"
      }
     ,"Layout":{
        "Sequence":30
       ,"Parent Region":"No Parent"
       ,"Position":"BODY"
       ,"Start New Layout":false
       ,"Start New Row":true
       ,"Column":"Automatic"
       ,"New Column":true
       ,"Column Span":"Automatic"
      }
     ,"Appearance":{
        "Template":"Standard (16658618210600400)"
       ,"Template Options":[
          "#DEFAULT#"
         ,"t-Region--accent7"
         ,"t-Region--noBorder"
         ,"t-Region--scrollBody"
        ]
       ,"Render Components":"Above Content"
      }
     ,"Accessibility":{
        "Use Landmark":true
       ,"Landmark Type":"Template Default"
      }
     ,"Advanced":{
        "Region Display Selector":false
       ,"Exclude Title from Translation":false
      }
     ,"Security":{
        "Escape special characters":false
      }
     ,"Server Cache":{
        "Caching":"Disabled"
      }
     ,"Customization":{
        "Customizable":"Not Customizable By End Users"
      }
     ,"Attributes":{
        "id":"8634268449745225"
       ,"Chart":{
          "Type":"Bar"
        }
       ,"Appearance":{
          "Orientation":"Vertical"
         ,"Stack":true
         ,"Stack Label":false
        }
       ,"Data Cursor":{
          "Cursor":"Automatic"
         ,"Behavior":"Automatic"
         ,"Dim On Hover":true
        }
       ,"Multi-Series Chart Data":{
          "Fill Gaps in Chart Data":true
         ,"Sort Order":"Label - Ascending"
         ,"Render Gap as Zero":false
        }
       ,"Settings":{
          "Zoom and Scroll":"No"
        }
       ,"Animation":{
          "On Display":"Automatic"
         ,"On Data Change":"Automatic"
        }
       ,"Tooltip":{
          "Show":true
         ,"Show Series Name":true
         ,"Show Group Name":true
         ,"Show Value":true
        }
       ,"Legend":{
          "Show":false
        }
       ,"Series":[
          {
            "id":"8636005481745226"
           ,"Identification":{
              "Name":"Series 1"
            }
           ,"Execution":{
              "Sequence":10
            }
           ,"Source":{
              "Location":"REST Enabled SQL"
             ,"Remote Server":"hw_endopoint_rest (17064182168279363)"
             ,"Type":"SQL Query"
             ,"SQL Query":"SELECT\n    CASE\n        WHEN user_age \u003C= 14 THEN \u002714\u003C\u0027\n        WHEN user_age \u003E 14 AND user_age \u003C= 25 THEN \u002715-25\u0027\n        WHEN user_age \u003E 25 AND user_age \u003C= 45 THEN \u002726-45\u0027\n        ELSE \u002745\u003E\u0027\n    END AS age_range,\n    COUNT(*) AS user_count,\n    (COUNT(*) \/ (SELECT COUNT(*) FROM movies.user)) * 100 AS age_percentage\nFROM movies.user\nGROUP BY age_range;"
            }
           ,"Remote Cache":{
              "Caching":"Disabled"
            }
           ,"Column Mapping":{
              "Series Name":"age_range"
             ,"Label":"age_range"
             ,"Value":"age_percentage"
            }
           ,"Appearance":{
              "Assigned To Y2 Axis":false
            }
           ,"Label":{
              "Show":true
             ,"Position":"Automatic"
            }
           ,"Performance":{
              "Maximum Rows to Process":20
            }
          }
        ]
       ,"Axes":[
          {
            "id":"8634771785745225"
           ,"Identification":{
              "Name":"x"
             ,"Show Axis":true
            }
           ,"Value":{
              "Format Scaling":"Automatic"
             ,"Baseline Scaling":"Zero"
             ,"Scale":"Linear"
            }
           ,"Major Ticks":{
              "Show":"Automatic"
            }
           ,"Minor Ticks":{
            }
           ,"Tick Label":{
              "Show":true
             ,"Rotation":true
             ,"Position":"Outside"
            }
          }
         ,{
            "id":"8635386089745226"
           ,"Identification":{
              "Name":"y"
             ,"Show Axis":true
             ,"Title":"Percentage"
            }
           ,"Value":{
              "Format Scaling":"Automatic"
             ,"Baseline Scaling":"Zero"
             ,"Scale":"Linear"
            }
           ,"Appearance":{
              "Position":"Automatic"
            }
           ,"Major Ticks":{
              "Show":"Automatic"
            }
           ,"Minor Ticks":{
            }
           ,"Tick Label":{
              "Show":true
            }
          }
        ]
      }
    }
   ,{
      "id":"49136015884352677"
     ,"Identification":{
        "Title":"Top 10 Trending Movies"
       ,"Type":"Chart"
      }
     ,"Layout":{
        "Sequence":40
       ,"Parent Region":"No Parent"
       ,"Position":"BODY"
       ,"Start New Layout":false
       ,"Start New Row":false
       ,"Column":"Automatic"
       ,"New Column":true
       ,"Column Span":"Automatic"
      }
     ,"Appearance":{
        "Template":"Standard (16658618210600400)"
       ,"Template Options":[
          "#DEFAULT#"
         ,"t-Region--accent7"
         ,"t-Region--noBorder"
         ,"t-Region--scrollBody"
         ,"t-Form--standardPadding"
        ]
       ,"Render Components":"Above Content"
      }
     ,"Accessibility":{
        "Use Landmark":true
       ,"Landmark Type":"Template Default"
      }
     ,"Advanced":{
        "Region Display Selector":false
       ,"Exclude Title from Translation":false
      }
     ,"Security":{
        "Escape special characters":false
      }
     ,"Server Cache":{
        "Caching":"Disabled"
      }
     ,"Customization":{
        "Customizable":"Not Customizable By End Users"
      }
     ,"Attributes":{
        "id":"8636988526745227"
       ,"Chart":{
          "Type":"Bar"
        }
       ,"Appearance":{
          "Orientation":"Horizontal"
         ,"Stack":true
         ,"Stack Label":false
        }
       ,"Layout":{
          "Height":400
        }
       ,"Data Cursor":{
          "Cursor":"Automatic"
         ,"Behavior":"Automatic"
         ,"Dim On Hover":true
        }
       ,"Multi-Series Chart Data":{
          "Fill Gaps in Chart Data":true
         ,"Sort Order":"Value - Descending"
         ,"Render Gap as Zero":true
        }
       ,"Settings":{
          "Zoom and Scroll":"No"
        }
       ,"Animation":{
          "On Display":"Automatic"
         ,"On Data Change":"Automatic"
        }
       ,"Tooltip":{
          "Show":true
         ,"Show Series Name":true
         ,"Show Group Name":true
         ,"Show Value":true
        }
       ,"Legend":{
          "Show":false
        }
       ,"Series":[
          {
            "id":"8638713257745228"
           ,"Identification":{
              "Name":"Series 1"
            }
           ,"Execution":{
              "Sequence":10
            }
           ,"Source":{
              "Location":"REST Enabled SQL"
             ,"Remote Server":"hw_endopoint_rest (17064182168279363)"
             ,"Type":"SQL Query"
             ,"SQL Query":"SELECT \n    t0.item_id,\n    i.title,\n    CAST(SUBSTRING_INDEX(SUBSTRING_INDEX(t30.ml_results, \u0027\"rating\":\u0027, -1), \u0027}\u0027, 1) -\n          SUBSTRING_INDEX(SUBSTRING_INDEX(t0.ml_results, \u0027\"rating\":\u0027, -1), \u0027}\u0027, 1) AS DECIMAL(10, 2)) AS rating_change\nFROM \n    movies.pred_user_new_0r AS t0\nJOIN \n    movies.pred_user_new_30r AS t30 ON t0.item_id = t30.item_id\nJOIN\n    movies.item AS i ON t0.item_id = i.item_id\nORDER BY \n    rating_change DESC\nLIMIT 10;\n"
            }
           ,"Remote Cache":{
              "Caching":"Disabled"
            }
           ,"Column Mapping":{
              "Series Name":"rating_change"
             ,"Label":"title"
             ,"Value":"rating_change"
            }
           ,"Appearance":{
              "Assigned To Y2 Axis":false
            }
           ,"Label":{
              "Show":false
            }
           ,"Performance":{
              "Maximum Rows to Process":20
            }
          }
        ]
       ,"Axes":[
          {
            "id":"8637490311745227"
           ,"Identification":{
              "Name":"x"
             ,"Show Axis":true
            }
           ,"Value":{
              "Format Scaling":"Automatic"
             ,"Baseline Scaling":"Zero"
             ,"Scale":"Linear"
            }
           ,"Major Ticks":{
              "Show":"Automatic"
            }
           ,"Minor Ticks":{
            }
           ,"Tick Label":{
              "Show":true
             ,"Rotation":true
             ,"Position":"Outside"
            }
          }
         ,{
            "id":"8638093519745227"
           ,"Identification":{
              "Name":"y"
             ,"Show Axis":true
             ,"Title":"Rating Change"
            }
           ,"Value":{
              "Format Scaling":"Automatic"
             ,"Baseline Scaling":"Zero"
             ,"Scale":"Linear"
            }
           ,"Appearance":{
              "Position":"Automatic"
            }
           ,"Major Ticks":{
              "Show":"Automatic"
            }
           ,"Minor Ticks":{
            }
           ,"Tick Label":{
              "Show":true
            }
          }
        ]
      }
    }
  ]
}
