{
  "id":"2"
 ,"Identification":{
    "Name":"My Profiles"
   ,"Alias":"MY-PROFILES"
   ,"Title":"My Profiles"
  }
 ,"Appearance":{
    "Page Mode":"Normal"
   ,"Page Template":"Theme Default"
   ,"Template Options":[
      "#DEFAULT#"
    ]
  }
 ,"Navigation Menu":{
    "Override User Interface Level":false
  }
 ,"Navigation":{
    "Cursor Focus":"Do not focus cursor"
   ,"Warn on Unsaved Changes":true
  }
 ,"Security":{
    "Authentication":"Page Requires Authentication"
   ,"Deep Linking":"Application Default"
   ,"Page Access Protection":"No Arguments Supported"
   ,"Form Auto Complete":"Off"
   ,"Browser Cache":"Application Default"
  }
 ,"Session Management":{
    "Rejoin Sessions":"Application Default"
  }
 ,"Advanced":{
    "Enable duplicate page submissions":"Yes - Enable page to be re-posted"
   ,"Reload on Submit":"Only for Success"
  }
 ,"Server Cache":{
    "Caching":"Disabled"
  }
 ,"Regions":[
    {
      "id":"38365532484689865"
     ,"Identification":{
        "Title":"Profiles"
       ,"Type":"Static Content"
      }
     ,"Layout":{
        "Sequence":50
       ,"Parent Region":"No Parent"
       ,"Position":"BODY"
       ,"Start New Layout":false
       ,"Start New Row":true
       ,"Column":"Automatic"
       ,"New Column":true
       ,"Column Span":"Automatic"
      }
     ,"Appearance":{
        "Template":"Blank with Attributes (16592005032600366)"
       ,"Template Options":[
          "#DEFAULT#"
        ]
       ,"Render Components":"Above Content"
      }
     ,"Accessibility":{
        "Use Landmark":true
       ,"Landmark Type":"Template Default"
      }
     ,"Advanced":{
        "Region Display Selector":false
       ,"Exclude Title from Translation":false
      }
     ,"Server Cache":{
        "Caching":"Disabled"
      }
     ,"Customization":{
        "Customizable":"Not Customizable By End Users"
      }
     ,"Attributes":{
        "Settings":{
          "Output As":"HTML"
         ,"Expand Shortcuts":false
        }
      }
    }
   ,{
      "id":"38365575521689866"
     ,"Identification":{
        "Title":"James"
       ,"Type":"Cards"
      }
     ,"Source":{
        "Location":"REST Enabled SQL"
       ,"Remote Server":"hw_endopoint_rest (17064182168279363)"
       ,"Type":"SQL Query"
       ,"SQL Query":"select * from profiles where user= \u002721\u0027"
      }
     ,"Remote Cache":{
        "Caching":"Disabled"
      }
     ,"Layout":{
        "Sequence":10
       ,"Parent Region":"Profiles (38365532484689865)"
       ,"Position":"BODY"
       ,"Start New Layout":false
       ,"Start New Row":true
       ,"Column":"1"
       ,"New Column":true
       ,"Column Span":"3"
      }
     ,"Appearance":{
        "Template":"Cards Container (16594788254600370)"
       ,"Template Options":[
          "#DEFAULT#"
        ]
       ,"Render Components":"Above Content"
      }
     ,"Accessibility":{
        "Use Landmark":true
       ,"Landmark Type":"Template Default"
      }
     ,"Advanced":{
        "Region Display Selector":false
       ,"Exclude Title from Translation":false
      }
     ,"Server Cache":{
        "Caching":"Disabled"
      }
     ,"Customization":{
        "Customizable":"Not Customizable By End Users"
      }
     ,"Attributes":{
        "id":"8569922063431524"
       ,"Appearance":{
          "Layout":"Grid"
         ,"Grid Columns":"Auto"
        }
       ,"Title":{
          "Advanced Formatting":true
         ,"HTML Expression":"\u003Ch3\u003E\u003Cb\u003E\u0026\"name\".\u003C\/b\u003E\u003C\/h3\u003E"
        }
       ,"Subtitle":{
          "Advanced Formatting":false
        }
       ,"Body":{
          "Advanced Formatting":false
        }
       ,"Secondary Body":{
          "Advanced Formatting":true
         ,"HTML Expression":"\u003Ch4\u003E\u003Cb\u003E\u0026\"legend\".\u003C\/b\u003E\u003C\/h4\u003E"
        }
       ,"Icon and Badge":{
          "Icon Source":"No Icon"
        }
       ,"Media":{
          "Advanced Formatting":false
         ,"Source":"URL Column"
         ,"URL Column":"media"
         ,"Position":"Body"
         ,"Appearance":"Square"
         ,"Sizing":"Cover"
        }
       ,"Performance":{
          "Lazy Loading":false
        }
       ,"Pagination":{
          "Type":"Scroll"
         ,"Show Total Count":false
        }
      }
    }
   ,{
      "id":"38366001718689870"
     ,"Identification":{
        "Title":"Lisa"
       ,"Type":"Cards"
      }
     ,"Source":{
        "Location":"REST Enabled SQL"
       ,"Remote Server":"hw_endopoint_rest (17064182168279363)"
       ,"Type":"SQL Query"
       ,"SQL Query":"select * from profiles where user= \u002720\u0027"
      }
     ,"Remote Cache":{
        "Caching":"Disabled"
      }
     ,"Layout":{
        "Sequence":40
       ,"Parent Region":"Profiles (38365532484689865)"
       ,"Position":"BODY"
       ,"Start New Layout":false
       ,"Start New Row":false
       ,"Column":"Automatic"
       ,"New Column":true
       ,"Column Span":"3"
      }
     ,"Appearance":{
        "Template":"Cards Container (16594788254600370)"
       ,"Template Options":[
          "#DEFAULT#"
        ]
       ,"Render Components":"Above Content"
      }
     ,"Accessibility":{
        "Use Landmark":true
       ,"Landmark Type":"Template Default"
      }
     ,"Advanced":{
        "Region Display Selector":false
       ,"Exclude Title from Translation":false
      }
     ,"Server Cache":{
        "Caching":"Disabled"
      }
     ,"Customization":{
        "Customizable":"Not Customizable By End Users"
      }
     ,"Attributes":{
        "id":"8567716672431521"
       ,"Appearance":{
          "Layout":"Grid"
         ,"Grid Columns":"Auto"
        }
       ,"Title":{
          "Advanced Formatting":true
         ,"HTML Expression":"\u003Ch3\u003E\u003Cb\u003E\u0026\"name\".\u003C\/b\u003E\u003C\/h3\u003E"
        }
       ,"Subtitle":{
          "Advanced Formatting":false
        }
       ,"Body":{
          "Advanced Formatting":false
        }
       ,"Secondary Body":{
          "Advanced Formatting":true
         ,"HTML Expression":"\u003Ch4\u003E\u003Cb\u003E\u0026\"legend\".\u003C\/b\u003E\u003C\/h4\u003E"
        }
       ,"Icon and Badge":{
          "Icon Source":"No Icon"
        }
       ,"Media":{
          "Advanced Formatting":false
         ,"Source":"URL Column"
         ,"URL Column":"media"
         ,"Position":"Body"
         ,"Appearance":"Square"
         ,"Sizing":"Cover"
        }
       ,"Performance":{
          "Lazy Loading":false
        }
       ,"Pagination":{
          "Type":"Scroll"
         ,"Show Total Count":false
        }
      }
    }
   ,{
      "id":"38366256100689872"
     ,"Identification":{
        "Title":"Other"
       ,"Type":"Cards"
      }
     ,"Source":{
        "Location":"REST Enabled SQL"
       ,"Remote Server":"hw_endopoint_rest (17064182168279363)"
       ,"Type":"SQL Query"
       ,"SQL Query":"select * from profiles where user=\u0027600\u0027 or user=\u0027165\u0027"
      }
     ,"Remote Cache":{
        "Caching":"Disabled"
      }
     ,"Layout":{
        "Sequence":60
       ,"Parent Region":"Profiles (38365532484689865)"
       ,"Position":"BODY"
       ,"Start New Layout":false
       ,"Start New Row":false
       ,"Column":"7"
       ,"New Column":true
       ,"Column Span":"6"
      }
     ,"Appearance":{
        "Template":"Cards Container (16594788254600370)"
       ,"Template Options":[
          "#DEFAULT#"
        ]
       ,"Render Components":"Above Content"
      }
     ,"Accessibility":{
        "Use Landmark":true
       ,"Landmark Type":"Template Default"
      }
     ,"Advanced":{
        "Region Display Selector":false
       ,"Exclude Title from Translation":false
      }
     ,"Server Cache":{
        "Caching":"Disabled"
      }
     ,"Customization":{
        "Customizable":"Not Customizable By End Users"
      }
     ,"Attributes":{
        "id":"8568981602431523"
       ,"Appearance":{
          "Layout":"Grid"
         ,"Grid Columns":"Auto"
        }
       ,"Title":{
          "Advanced Formatting":true
         ,"HTML Expression":"\u003Ch3\u003E\u003Cb\u003E\u0026\"name\".\u003C\/b\u003E\u003C\/h3\u003E"
        }
       ,"Subtitle":{
          "Advanced Formatting":false
        }
       ,"Body":{
          "Advanced Formatting":false
        }
       ,"Secondary Body":{
          "Advanced Formatting":true
         ,"HTML Expression":"\u003Ch4\u003E\u003Cb\u003E\u0026\"legend\".\u003C\/b\u003E\u003C\/h4\u003E"
        }
       ,"Icon and Badge":{
          "Icon Source":"No Icon"
        }
       ,"Media":{
          "Advanced Formatting":false
         ,"Source":"URL Column"
         ,"URL Column":"media"
         ,"Position":"Body"
         ,"Appearance":"Square"
         ,"Sizing":"Cover"
        }
       ,"Performance":{
          "Lazy Loading":false
        }
       ,"Pagination":{
          "Type":"Scroll"
         ,"Show Total Count":false
        }
      }
    }
   ,{
      "id":"46655402354092456"
     ,"Identification":{
        "Title":"My Profiles"
       ,"Type":"Static Content"
      }
     ,"Layout":{
        "Sequence":10
       ,"Parent Region":"No Parent"
       ,"Position":"BODY"
       ,"Start New Layout":false
       ,"Start New Row":true
       ,"Column":"Automatic"
       ,"New Column":true
       ,"Column Span":"Automatic"
      }
     ,"Appearance":{
        "Template":"Hero (16642785814600393)"
       ,"Template Options":[
          "#DEFAULT#"
        ]
       ,"Render Components":"Above Content"
      }
     ,"Image":{
        "File URL":"#APP_FILES#icons\/app-icon-512.png"
      }
     ,"Accessibility":{
        "Use Landmark":true
       ,"Landmark Type":"Template Default"
      }
     ,"Advanced":{
        "Region Display Selector":false
       ,"Exclude Title from Translation":false
      }
     ,"Server Cache":{
        "Caching":"Disabled"
      }
     ,"Customization":{
        "Customizable":"Not Customizable By End Users"
      }
     ,"Attributes":{
        "Settings":{
          "Output As":"HTML"
         ,"Expand Shortcuts":false
        }
      }
    }
  ]
 ,"Buttons":[
    {
      "id":"8568193049431522"
     ,"Identification":{
        "Button Name":"Log_User_2_1"
       ,"Label":"GO \u003E\u003E"
      }
     ,"Layout":{
        "Sequence":10
       ,"Region":"Lisa (38366001718689870)"
       ,"Position":"BELOW_BOX"
       ,"Start New Layout":false
       ,"Start New Row":true
       ,"Column":"Automatic"
       ,"New Column":true
       ,"Column Span":"Automatic"
       ,"Horizontal Alignment":"Right"
      }
     ,"Appearance":{
        "Button Template":"Text with Icon (16731846543600443)"
       ,"Hot":true
       ,"Template Options":[
          "#DEFAULT#"
         ,"t-Button--warning"
         ,"t-Button--iconLeft"
         ,"t-Button--hoverIconPush"
         ,"t-Button--pill"
         ,"t-Button--stretch"
         ,"t-Button--gapLeft"
         ,"t-Button--padRight"
         ,"t-Button--gapTop"
         ,"t-Button--gapBottom"
        ]
       ,"Icon":"fa-lg fa-podcast"
      }
     ,"Behavior":{
        "Action":"Redirect to Page in this Application"
       ,"Target":{
          "url":"f?p=\u0026APP_ID.:4:\u0026SESSION.::\u0026DEBUG.:::"
         ,"Page":"4"
        }
       ,"Warn on Unsaved Changes":"Do Not Check"
      }
    }
   ,{
      "id":"8570399592431524"
     ,"Identification":{
        "Button Name":"Log_User_1_1"
       ,"Label":"GO \u003E\u003E"
      }
     ,"Layout":{
        "Sequence":10
       ,"Region":"James (38365575521689866)"
       ,"Position":"BELOW_BOX"
       ,"Start New Layout":false
       ,"Start New Row":true
       ,"Column":"Automatic"
       ,"New Column":true
       ,"Column Span":"Automatic"
       ,"Horizontal Alignment":"Right"
      }
     ,"Appearance":{
        "Button Template":"Text with Icon (16731846543600443)"
       ,"Hot":true
       ,"Template Options":[
          "#DEFAULT#"
         ,"t-Button--warning"
         ,"t-Button--iconLeft"
         ,"t-Button--hoverIconPush"
         ,"t-Button--pillStart"
         ,"t-Button--stretch"
         ,"t-Button--padLeft"
         ,"t-Button--padRight"
         ,"t-Button--padTop"
         ,"t-Button--padBottom"
        ]
       ,"Icon":"fa-lg fa-podcast"
      }
     ,"Behavior":{
        "Action":"Redirect to Page in this Application"
       ,"Target":{
          "url":"f?p=\u0026APP_ID.:3:\u0026SESSION.::\u0026DEBUG.:::"
         ,"Page":"3"
        }
       ,"Warn on Unsaved Changes":"Do Not Check"
      }
    }
  ]
}
