{
  "id":"6"
 ,"Identification":{
    "Name":"Top Trending Movie  --\u003E Recommended Users"
   ,"Alias":"TOP-TRENDING-MOVIE-RECOMMENDED-USERS"
   ,"Title":"Top Trending Movie  --\u003E Recommended Users"
   ,"Page Group":"Administration (16845437803600566)"
  }
 ,"Appearance":{
    "Page Mode":"Normal"
   ,"Page Template":"Theme Default"
   ,"Template Options":[
      "#DEFAULT#"
    ]
  }
 ,"Navigation Menu":{
    "Override User Interface Level":false
  }
 ,"Navigation":{
    "Cursor Focus":"Do not focus cursor"
   ,"Warn on Unsaved Changes":true
  }
 ,"CSS":{
    "Inline":".a-tags {\n    list-style: lower-latin ;\n}\n.a-tag {\n    background-color: #0b080e;\n    color: rgb(248, 248, 248);\n    border-radius: 8px;\n    padding: 6px;\n    margin: 5px;\n    display: inline-flex;\n}"
  }
 ,"Security":{
    "Authorization Scheme":"Administration Rights (16844170522600560)"
   ,"Authentication":"Page Requires Authentication"
   ,"Deep Linking":"Application Default"
   ,"Page Access Protection":"Arguments Must Have Checksum"
   ,"Form Auto Complete":"Off"
   ,"Browser Cache":"Application Default"
  }
 ,"Session Management":{
    "Rejoin Sessions":"Application Default"
  }
 ,"Advanced":{
    "Enable duplicate page submissions":"Yes - Enable page to be re-posted"
   ,"Reload on Submit":"Only for Success"
  }
 ,"Server Cache":{
    "Caching":"Disabled"
  }
 ,"Regions":[
    {
      "id":"43890976365070957"
     ,"Identification":{
        "Title":"Movie Info"
       ,"Type":"Cards"
      }
     ,"Source":{
        "Location":"REST Enabled SQL"
       ,"Remote Server":"hw_endopoint_rest (17064182168279363)"
       ,"Type":"SQL Query"
       ,"SQL Query":"SELECT\n    q.Title,\n    q.\u0060Release Year\u0060,\n    TRIM(\u0027,\u0027 FROM q.Genres) AS Genres,\n    u.url_down,\n    u.legend\nFROM (\n    SELECT\n        title AS \u0027Title\u0027,\n        release_year AS \u0027Release Year\u0027,\n        CONCAT(\n            IF(genre_action = 1, CONCAT(\u0027action,\u0027), CONCAT(\u0027\u0027)),\n            IF(genre_adventure = 1, CONCAT(\u0027adventure,\u0027), CONCAT(\u0027\u0027)),\n            IF(genre_animation = 1, CONCAT(\u0027animation,\u0027), CONCAT(\u0027\u0027)),\n            IF(genre_children = 1, CONCAT(\u0027children,\u0027), CONCAT(\u0027\u0027)),\n            IF(genre_comedy = 1, CONCAT(\u0027comedy,\u0027), CONCAT(\u0027\u0027)),\n            IF(genre_crime = 1, CONCAT(\u0027crime,\u0027), CONCAT(\u0027\u0027)),\n            IF(genre_documentary = 1, CONCAT(\u0027documentary,\u0027), CONCAT(\u0027\u0027)),\n            IF(genre_drama = 1, CONCAT(\u0027drama,\u0027), \u0027\u0027),\n            IF(genre_fantasy = 1, CONCAT(\u0027fantasy,\u0027), CONCAT(\u0027\u0027)),\n            IF(genre_filmnoir = 1, CONCAT(\u0027filmnoir,\u0027), CONCAT(\u0027\u0027)),\n            IF(genre_horror = 1, CONCAT(\u0027horror,\u0027), CONCAT(\u0027\u0027)),\n            IF(genre_musical = 1, CONCAT(\u0027musical,\u0027), CONCAT(\u0027\u0027)),\n            IF(genre_mystery = 1, CONCAT(\u0027mystery,\u0027), CONCAT(\u0027\u0027)),\n            IF(genre_romance = 1, CONCAT(\u0027romance,\u0027), CONCAT(\u0027\u0027)),\n            IF(genre_scifi = 1, CONCAT(\u0027scifi,\u0027), CONCAT(\u0027\u0027)),\n            IF(genre_thriller = 1, CONCAT(\u0027thriller,\u0027), CONCAT(\u0027\u0027)),\n            IF(genre_unknown = 1, CONCAT(\u0027unknown,\u0027), CONCAT(\u0027\u0027)),\n            IF(genre_war = 1, CONCAT(\u0027war,\u0027), CONCAT(\u0027\u0027)),\n            IF(genre_western = 1, CONCAT(\u0027western,\u0027), CONCAT(\u0027\u0027))\n        ) AS \u0027Genres\u0027,\n        item_id\n    FROM movies.item\n    WHERE item_id = 453\n) q\nLEFT JOIN item_media u ON q.item_id = u.image_id;"
      }
     ,"Remote Cache":{
        "Caching":"Disabled"
      }
     ,"Layout":{
        "Sequence":30
       ,"Parent Region":"No Parent"
       ,"Position":"BODY"
       ,"Start New Layout":false
       ,"Start New Row":true
       ,"Column":"Automatic"
       ,"New Column":true
       ,"Column Span":"3"
      }
     ,"Appearance":{
        "Template":"Cards Container (16594788254600370)"
       ,"Template Options":[
          "#DEFAULT#"
        ]
       ,"Render Components":"Above Content"
      }
     ,"Accessibility":{
        "Use Landmark":true
       ,"Landmark Type":"Template Default"
      }
     ,"Advanced":{
        "Region Display Selector":false
       ,"Exclude Title from Translation":false
      }
     ,"Server Cache":{
        "Caching":"Disabled"
      }
     ,"Customization":{
        "Customizable":"Not Customizable By End Users"
      }
     ,"Attributes":{
        "id":"8626429021721291"
       ,"Appearance":{
          "Layout":"Grid"
         ,"Grid Columns":"Auto"
        }
       ,"Card":{
          "Primary Key Column 1":"Genres"
        }
       ,"Title":{
          "Advanced Formatting":true
         ,"HTML Expression":"\u003Ch3\u003E\u003Cb\u003E\u0026\"Title\".\u003C\/b\u003E\u003C\/h3\u003E"
        }
       ,"Subtitle":{
          "Advanced Formatting":false
         ,"Column":"Release Year"
        }
       ,"Body":{
          "Advanced Formatting":true
         ,"HTML Expression":"{if Genres\/}\n    \u003Cul class=\"a-tags\"\u003E\n    {loop \",\" Genres\/}\n \t    \u003Cli class=\"a-tag\"\u003E\u003Cb\u003E\u0026APEX$ITEM.\u003C\/li\u003E\u003C\/b\u003E\n    {endloop\/}\n    \u003C\/ul\u003E\n{endif\/}"
        }
       ,"Secondary Body":{
          "Advanced Formatting":true
         ,"HTML Expression":"\u003Ch4\u003E\u003Cb\u003E\u0026\"legend\".\u003C\/b\u003E\u003C\/h4\u003E"
        }
       ,"Icon and Badge":{
          "Icon Source":"No Icon"
        }
       ,"Media":{
          "Advanced Formatting":false
         ,"Source":"URL Column"
         ,"URL Column":"url_down"
         ,"Position":"Body"
         ,"Appearance":"Auto"
         ,"Sizing":"Fit"
        }
       ,"Performance":{
          "Lazy Loading":false
        }
       ,"Pagination":{
          "Type":"Scroll"
         ,"Show Total Count":false
        }
      }
    }
   ,{
      "id":"45709954447874118"
     ,"Identification":{
        "Title":"Tending Movie  Recomended Users"
       ,"Type":"Cards"
      }
     ,"Source":{
        "Location":"REST Enabled SQL"
       ,"Remote Server":"hw_endopoint_rest (17064182168279363)"
       ,"Type":"SQL Query"
       ,"SQL Query":"SELECT u.user_id, u.user_age, u.user_gender, u.user_occupation, p.ml_results \nFROM user u \nINNER JOIN pred_item_453 p \nON u.user_id = p.user_id \norder by ml_results desc limit 10 OFFSET 15;\n"
      }
     ,"Remote Cache":{
        "Caching":"Disabled"
      }
     ,"Layout":{
        "Sequence":40
       ,"Parent Region":"No Parent"
       ,"Position":"BODY"
       ,"Start New Layout":false
       ,"Start New Row":false
       ,"Column":"4"
       ,"New Column":true
       ,"Column Span":"9"
      }
     ,"Appearance":{
        "Template":"Cards Container (16594788254600370)"
       ,"Template Options":[
          "#DEFAULT#"
        ]
       ,"Icon":"fa-emoji-happy-smile"
       ,"Render Components":"Above Content"
      }
     ,"Accessibility":{
        "Use Landmark":false
      }
     ,"Advanced":{
        "Region Display Selector":false
       ,"Exclude Title from Translation":false
      }
     ,"Server Cache":{
        "Caching":"Disabled"
      }
     ,"Customization":{
        "Customizable":"Not Customizable By End Users"
      }
     ,"Attributes":{
        "id":"8625479089721290"
       ,"Appearance":{
          "Layout":"Grid"
         ,"Grid Columns":"2 Columns"
        }
       ,"Title":{
          "Advanced Formatting":true
         ,"HTML Expression":"\u003Ch2\u003E User ID:     \u0026\"user_id\". "
        }
       ,"Subtitle":{
          "Advanced Formatting":false
        }
       ,"Body":{
          "Advanced Formatting":true
         ,"HTML Expression":"\u003Ch4\u003E Occupation: \u0026\"user_occupation\".\u003Cbr\u003E"
        }
       ,"Secondary Body":{
          "Advanced Formatting":true
         ,"HTML Expression":"\u003Ch4\u003E AGE:  \u0026\"user_age\"."
        }
       ,"Icon and Badge":{
          "Icon Source":"Initials"
         ,"Icon Column":"user_gender"
         ,"Icon Position":"Start"
        }
       ,"Media":{
          "Advanced Formatting":false
         ,"Source":"No Media"
        }
       ,"Performance":{
          "Lazy Loading":false
        }
       ,"Pagination":{
          "Type":"Scroll"
         ,"Show Total Count":false
        }
      }
    }
   ,{
      "id":"47722036180890111"
     ,"Identification":{
        "Title":"Breadcrumb"
       ,"Type":"Breadcrumb"
      }
     ,"Source":{
        "Breadcrumb":"Breadcrumb (16555259918600334)"
      }
     ,"Layout":{
        "Sequence":50
       ,"Parent Region":"No Parent"
       ,"Position":"REGION_POSITION_01"
       ,"Start New Layout":false
       ,"Start New Row":true
       ,"Column":"Automatic"
       ,"New Column":true
       ,"Column Span":"Automatic"
      }
     ,"Appearance":{
        "Template":"Title Bar (16670965546600409)"
       ,"Template Options":[
          "#DEFAULT#"
         ,"t-BreadcrumbRegion--useBreadcrumbTitle"
        ]
       ,"Render Components":"Above Content"
      }
     ,"Accessibility":{
        "Use Landmark":true
       ,"Landmark Type":"Template Default"
      }
     ,"Advanced":{
        "Region Display Selector":false
       ,"Exclude Title from Translation":false
      }
     ,"Server Cache":{
        "Caching":"Disabled"
      }
     ,"Customization":{
        "Customizable":"Not Customizable By End Users"
      }
     ,"Attributes":{
        "Appearance":{
          "Breadcrumb Template":"Breadcrumb (16733428132600444)"
         ,"Template Options":[
            "#DEFAULT#"
          ]
        }
      }
    }
  ]
 ,"Page Items":[
    {
      "id":"38428335513979688"
     ,"Identification":{
        "Name":"P6_ACK"
       ,"Type":"Display Only"
      }
     ,"Label":{
        "Label":"acknowledgement"
       ,"Alignment":"Left"
      }
     ,"Settings":{
        "Format":"Plain Text"
       ,"Based On":"Item Value"
       ,"Show Line Breaks":true
       ,"Send On Page Submit":true
      }
     ,"Layout":{
        "Sequence":10
       ,"Region":"No Parent"
       ,"Position":"REGION_POSITION_05"
       ,"Alignment":"Left"
       ,"Start New Layout":false
       ,"Start New Row":true
       ,"Column":"Automatic"
       ,"New Column":true
       ,"Column Span":"Automatic"
       ,"Label Column Span":"Page Template Default"
      }
     ,"Appearance":{
        "Template":"Optional - Floating (16729275947600439)"
       ,"Template Options":[
          "#DEFAULT#"
        ]
      }
     ,"Advanced":{
        "Warn on Unsaved Changes":"Page Default"
      }
     ,"Source":{
        "Type":"Static Value"
       ,"Static Value":"F. Maxwell Harper and Joseph A. Konstan. 2015. The MovieLens Datasets:\nHistory and Context. ACM Transactions on Interactive Intelligent Systems (TiiS) 5, 4, Article 19 (December 2015), 19 pages.\nDOI=http:\/\/dx.doi.org\/10.1145\/2827872"
       ,"Used":"Always, replacing any existing value in session state"
      }
     ,"Session State":{
        "Data Type":"VARCHAR2"
       ,"Storage":"Per Session (Persistent)"
      }
     ,"Security":{
        "Session State Protection":"Unrestricted"
       ,"Store value encrypted in session state":true
       ,"Restricted Characters":"All characters can be saved."
      }
    }
  ]
}
