{
  "id":"10005"
 ,"Identification":{
    "Name":"Administration Views"
   ,"Alias":"ADMINISTRATION-VIEWS"
   ,"Title":"Administration Views"
   ,"Page Group":"Administration (16845437803600566)"
  }
 ,"Appearance":{
    "Page Mode":"Normal"
   ,"Page Template":"Theme Default"
   ,"Template Options":[
      "#DEFAULT#"
    ]
  }
 ,"Navigation Menu":{
    "Override User Interface Level":false
  }
 ,"Navigation":{
    "Cursor Focus":"Do not focus cursor"
   ,"Warn on Unsaved Changes":true
  }
 ,"CSS":{
    "Inline":"body {\nbackground-image: url(#APP_IMAGES#BG.jpg);\nbackground-repeat:  no-repeat;\nbackground-attachment: fixed;\nbackground-size:  cover;\n}\n\nbody .t-Login-region {\n    background-color: rgba(255,255,255,0.51);\n    border-radius: 25px;\n}\n\nbody .t-Login-logo {\n   background-image: url(#APP_IMAGES#logo.png);\n   background-color: rgba(255,255,255,0);\n   background-repeat:no-repeat; \n   background-position: center center; \n   width: 210px;\n   height: 115px; \n}\n\n #P9999_USERNAME, #P9999_PASSWORD {\n   background-color: #ffffff;\n   border-bottom-color: #1e90ff;\n   border-width: 0 0 3px 0;\n   border-radius: 25px;\n}"
  }
 ,"Security":{
    "Authorization Scheme":"Administration Rights (16844170522600560)"
   ,"Authentication":"Page Requires Authentication"
   ,"Deep Linking":"Disabled"
   ,"Page Access Protection":"Arguments Must Have Checksum"
   ,"Form Auto Complete":"Off"
   ,"Browser Cache":"Application Default"
  }
 ,"Session Management":{
    "Rejoin Sessions":"Application Default"
  }
 ,"Advanced":{
    "Enable duplicate page submissions":"Yes - Enable page to be re-posted"
   ,"Reload on Submit":"Only for Success"
  }
 ,"Server Cache":{
    "Caching":"Disabled"
  }
 ,"Help":{
    "Help Text":"\u003Cp\u003EThe administration page allows application owners (Administrators) to configure the application and maintain common data used across the application.\nBy selecting one of the available settings, administrators can potentially change how the application is displayed and\/or features available to the end users.\u003C\/p\u003E\n\u003Cp\u003EAccess to this page should be limited to Administrators only.\u003C\/p\u003E"
  }
 ,"Regions":[
    {
      "id":"21899586033633832"
     ,"Identification":{
        "Title":"Holiday Movie: Recommended Users"
       ,"Type":"Static Content"
      }
     ,"Layout":{
        "Sequence":20
       ,"Parent Region":"No Parent"
       ,"Position":"BODY"
       ,"Start New Layout":false
       ,"Start New Row":false
       ,"Column":"8"
       ,"New Column":true
       ,"Column Span":"4"
      }
     ,"Appearance":{
        "Template":"Standard (16658618210600400)"
       ,"Template Options":[
          "#DEFAULT#"
         ,"t-Region--scrollBody"
        ]
       ,"Render Components":"Above Content"
      }
     ,"Accessibility":{
        "Use Landmark":true
       ,"Landmark Type":"Template Default"
      }
     ,"Advanced":{
        "Region Display Selector":false
       ,"Exclude Title from Translation":false
      }
     ,"Server Cache":{
        "Caching":"Disabled"
      }
     ,"Customization":{
        "Customizable":"Not Customizable By End Users"
      }
     ,"Attributes":{
        "Settings":{
          "Output As":"HTML"
         ,"Expand Shortcuts":false
        }
      }
    }
   ,{
      "id":"21899931164633836"
     ,"Identification":{
        "Title":"Top Trending Movie: Recommended Users"
       ,"Type":"Static Content"
      }
     ,"Layout":{
        "Sequence":30
       ,"Parent Region":"No Parent"
       ,"Position":"BODY"
       ,"Start New Layout":false
       ,"Start New Row":true
       ,"Column":"3"
       ,"New Column":true
       ,"Column Span":"4"
      }
     ,"Appearance":{
        "Template":"Standard (16658618210600400)"
       ,"Template Options":[
          "#DEFAULT#"
         ,"t-Region--scrollBody"
        ]
       ,"Render Components":"Above Content"
      }
     ,"Accessibility":{
        "Use Landmark":true
       ,"Landmark Type":"Template Default"
      }
     ,"Advanced":{
        "Region Display Selector":false
       ,"Exclude Title from Translation":false
      }
     ,"Server Cache":{
        "Caching":"Disabled"
      }
     ,"Customization":{
        "Customizable":"Not Customizable By End Users"
      }
     ,"Attributes":{
        "Settings":{
          "Output As":"HTML"
         ,"Expand Shortcuts":false
        }
      }
    }
   ,{
      "id":"22516639754730513"
     ,"Identification":{
        "Title":"Analytics Dashboards"
       ,"Type":"Static Content"
      }
     ,"Layout":{
        "Sequence":10
       ,"Parent Region":"No Parent"
       ,"Position":"BODY"
       ,"Start New Layout":false
       ,"Start New Row":false
       ,"Column":"3"
       ,"New Column":true
       ,"Column Span":"4"
      }
     ,"Appearance":{
        "Template":"Standard (16658618210600400)"
       ,"Template Options":[
          "#DEFAULT#"
         ,"t-Region--scrollBody"
        ]
       ,"Render Components":"Above Content"
      }
     ,"Accessibility":{
        "Use Landmark":true
       ,"Landmark Type":"Template Default"
      }
     ,"Advanced":{
        "Region Display Selector":false
       ,"Exclude Title from Translation":false
      }
     ,"Server Cache":{
        "Caching":"Disabled"
      }
     ,"Customization":{
        "Customizable":"Not Customizable By End Users"
      }
     ,"Attributes":{
        "Settings":{
          "Output As":"HTML"
         ,"Expand Shortcuts":false
        }
      }
    }
   ,{
      "id":"30333342307220542"
     ,"Identification":{
        "Title":"Breadcrumb"
       ,"Type":"Breadcrumb"
      }
     ,"Source":{
        "Breadcrumb":"Breadcrumb (16555259918600334)"
      }
     ,"Layout":{
        "Sequence":10
       ,"Parent Region":"No Parent"
       ,"Position":"REGION_POSITION_01"
       ,"Start New Layout":false
       ,"Start New Row":true
       ,"Column":"Automatic"
       ,"New Column":true
       ,"Column Span":"Automatic"
      }
     ,"Appearance":{
        "Template":"Title Bar (16670965546600409)"
       ,"Template Options":[
          "#DEFAULT#"
         ,"t-BreadcrumbRegion--useBreadcrumbTitle"
        ]
       ,"Render Components":"Above Content"
      }
     ,"Accessibility":{
        "Use Landmark":true
       ,"Landmark Type":"Template Default"
      }
     ,"Advanced":{
        "Region Display Selector":false
       ,"Exclude Title from Translation":false
      }
     ,"Server Cache":{
        "Caching":"Disabled"
      }
     ,"Customization":{
        "Customizable":"Not Customizable By End Users"
      }
     ,"Attributes":{
        "Appearance":{
          "Breadcrumb Template":"Breadcrumb (16733428132600444)"
         ,"Template Options":[
            "#DEFAULT#"
          ]
        }
      }
    }
  ]
 ,"Page Items":[
    {
      "id":"22516768380730514"
     ,"Identification":{
        "Name":"P10005_NEW_1"
       ,"Type":"Display Image"
      }
     ,"Label":{
        "Alignment":"Left"
      }
     ,"Settings":{
        "Based On":"Image URL stored in Page Item Value"
      }
     ,"Layout":{
        "Sequence":10
       ,"Region":"Analytics Dashboards (22516639754730513)"
       ,"Position":"BODY"
       ,"Alignment":"Left"
       ,"Start New Layout":false
       ,"Start New Row":true
       ,"Column":"Automatic"
       ,"New Column":true
       ,"Column Span":"Automatic"
       ,"Label Column Span":"Page Template Default"
      }
     ,"Appearance":{
        "Template":"Optional - Floating (16729275947600439)"
       ,"Template Options":[
          "#DEFAULT#"
        ]
      }
     ,"Advanced":{
        "Warn on Unsaved Changes":"Page Default"
      }
     ,"Source":{
        "Type":"Static Value"
       ,"Static Value":"#APP_FILES#icons\/graphs.png"
       ,"Used":"Only when current value in session state is null"
      }
     ,"Session State":{
        "Storage":"Per Session (Persistent)"
      }
     ,"Security":{
        "Session State Protection":"Unrestricted"
       ,"Restricted Characters":"All characters can be saved."
      }
    }
   ,{
      "id":"22516900377730515"
     ,"Identification":{
        "Name":"P10005_NEW_2"
       ,"Type":"Display Image"
      }
     ,"Label":{
        "Alignment":"Left"
      }
     ,"Settings":{
        "Based On":"Image URL stored in Page Item Value"
      }
     ,"Layout":{
        "Sequence":10
       ,"Region":"Holiday Movie: Recommended Users (21899586033633832)"
       ,"Position":"BODY"
       ,"Alignment":"Left"
       ,"Start New Layout":false
       ,"Start New Row":true
       ,"Column":"1"
       ,"New Column":true
       ,"Column Span":"Automatic"
       ,"Label Column Span":"Page Template Default"
      }
     ,"Appearance":{
        "Template":"Optional - Floating (16729275947600439)"
       ,"Template Options":[
          "#DEFAULT#"
        ]
      }
     ,"Advanced":{
        "Warn on Unsaved Changes":"Page Default"
      }
     ,"Source":{
        "Type":"Static Value"
       ,"Static Value":"#APP_FILES#icons\/Pumpkins.png"
       ,"Used":"Always, replacing any existing value in session state"
      }
     ,"Session State":{
        "Storage":"Per Session (Persistent)"
      }
     ,"Security":{
        "Session State Protection":"Unrestricted"
       ,"Restricted Characters":"All characters can be saved."
      }
    }
   ,{
      "id":"22516950581730516"
     ,"Identification":{
        "Name":"P10005_NEW_3"
       ,"Type":"Display Image"
      }
     ,"Label":{
        "Alignment":"Left"
      }
     ,"Settings":{
        "Based On":"Image URL stored in Page Item Value"
      }
     ,"Layout":{
        "Sequence":10
       ,"Region":"Top Trending Movie: Recommended Users (21899931164633836)"
       ,"Position":"BODY"
       ,"Alignment":"Left"
       ,"Start New Layout":false
       ,"Start New Row":true
       ,"Column":"Automatic"
       ,"New Column":true
       ,"Column Span":"Automatic"
       ,"Label Column Span":"Page Template Default"
      }
     ,"Appearance":{
        "Template":"Optional - Floating (16729275947600439)"
       ,"Template Options":[
          "#DEFAULT#"
        ]
      }
     ,"Advanced":{
        "Warn on Unsaved Changes":"Page Default"
      }
     ,"Source":{
        "Type":"Static Value"
       ,"Static Value":"#APP_FILES#icons\/trends.png"
       ,"Used":"Only when current value in session state is null"
      }
     ,"Session State":{
        "Storage":"Per Session (Persistent)"
      }
     ,"Security":{
        "Session State Protection":"Unrestricted"
       ,"Restricted Characters":"All characters can be saved."
      }
    }
  ]
 ,"Buttons":[
    {
      "id":"21899719632633833"
     ,"Identification":{
        "Button Name":"Holiday"
       ,"Label":"GO to Holiday Movie --\u003E"
      }
     ,"Layout":{
        "Sequence":20
       ,"Region":"Holiday Movie: Recommended Users (21899586033633832)"
       ,"Position":"BODY"
       ,"Start New Layout":false
       ,"Start New Row":true
       ,"Column":"Automatic"
       ,"New Column":true
       ,"Column Span":"Automatic"
       ,"Alignment":"Right"
      }
     ,"Appearance":{
        "Button Template":"Text with Icon (16731846543600443)"
       ,"Hot":true
       ,"Template Options":[
          "#DEFAULT#"
         ,"t-Button--large"
         ,"t-Button--success"
         ,"t-Button--iconRight"
         ,"t-Button--hoverIconPush"
         ,"t-Button--pill"
         ,"t-Button--stretch"
         ,"t-Button--gapLeft"
         ,"t-Button--gapRight"
         ,"t-Button--gapTop"
         ,"t-Button--gapBottom"
        ]
       ,"Icon":"fa-lg fa-film"
      }
     ,"Behavior":{
        "Action":"Redirect to Page in this Application"
       ,"Target":{
          "url":"f?p=\u0026APP_ID.:5:\u0026SESSION.::\u0026DEBUG.:::"
         ,"Page":"5"
        }
       ,"Warn on Unsaved Changes":"Do Not Check"
      }
    }
   ,{
      "id":"21900069772633837"
     ,"Identification":{
        "Button Name":"Trending"
       ,"Label":"GO to Top Trending Movie --\u003E"
      }
     ,"Layout":{
        "Sequence":20
       ,"Region":"Top Trending Movie: Recommended Users (21899931164633836)"
       ,"Position":"BODY"
       ,"Start New Layout":false
       ,"Start New Row":true
       ,"Column":"Automatic"
       ,"New Column":true
       ,"Column Span":"Automatic"
       ,"Alignment":"Right"
      }
     ,"Appearance":{
        "Button Template":"Text with Icon (16731846543600443)"
       ,"Hot":true
       ,"Template Options":[
          "#DEFAULT#"
         ,"t-Button--large"
         ,"t-Button--success"
         ,"t-Button--iconRight"
         ,"t-Button--hoverIconPush"
         ,"t-Button--pill"
         ,"t-Button--stretch"
         ,"t-Button--gapLeft"
         ,"t-Button--gapRight"
         ,"t-Button--gapTop"
         ,"t-Button--gapBottom"
        ]
       ,"Icon":"fa-lg fa-film"
      }
     ,"Behavior":{
        "Action":"Redirect to Page in this Application"
       ,"Target":{
          "url":"f?p=\u0026APP_ID.:6:\u0026SESSION.::\u0026DEBUG.:::"
         ,"Page":"6"
        }
       ,"Warn on Unsaved Changes":"Do Not Check"
      }
    }
   ,{
      "id":"22517062982730517"
     ,"Identification":{
        "Button Name":"Dashboards"
       ,"Label":"GO to Dashboards --\u003E"
      }
     ,"Layout":{
        "Sequence":20
       ,"Region":"Analytics Dashboards (22516639754730513)"
       ,"Position":"BODY"
       ,"Start New Layout":false
       ,"Start New Row":true
       ,"Column":"Automatic"
       ,"New Column":true
       ,"Column Span":"Automatic"
       ,"Alignment":"Right"
      }
     ,"Appearance":{
        "Button Template":"Text with Icon (16731846543600443)"
       ,"Hot":true
       ,"Template Options":[
          "#DEFAULT#"
         ,"t-Button--large"
         ,"t-Button--success"
         ,"t-Button--iconRight"
         ,"t-Button--hoverIconPush"
         ,"t-Button--pill"
         ,"t-Button--stretch"
         ,"t-Button--gapLeft"
         ,"t-Button--gapRight"
         ,"t-Button--gapTop"
         ,"t-Button--gapBottom"
        ]
       ,"Icon":"fa-lg fa-dashboard"
      }
     ,"Behavior":{
        "Action":"Redirect to Page in this Application"
       ,"Target":{
          "url":"f?p=\u0026APP_ID.:7:\u0026SESSION.::\u0026DEBUG.:::"
         ,"Page":"7"
        }
       ,"Warn on Unsaved Changes":"Do Not Check"
      }
    }
  ]
}
